image_path,class_name,label,size,mode,brightness,md5
/content/casting_dataset/casting_512x512/casting_512x512/def_front/cast_def_0_9877.jpeg,def_front,1,"(512, 512)",RGB,152.42131805419922,85afb75608f7e5cd0679bb859ea598a5
/content/casting_dataset/casting_512x512/casting_512x512/def_front/cast_def_0_1104.jpeg,def_front,1,"(512, 512)",RGB,136.9221534729004,e47ea10d90fb2da18d6ccb485ca75ac1
/content/casting_dataset/casting_512x512/casting_512x512/def_front/cast_def_0_1115.jpeg,def_front,1,"(512, 512)",RGB,138.03896713256836,82137a7501417813ebcdf898295974ff
/content/casting_dataset/casting_512x512/casting_512x512/def_front/cast_def_0_5809.jpeg,def_front,1,"(512, 512)",RGB,142.87593841552734,30d0a62d6a429a8b76c9c6ad1784b4fa
/content/casting_dataset/casting_512x512/casting_512x512/def_front/cast_def_0_3354.jpeg,def_front,1,"(512, 512)",RGB,141.4766845703125,4095381e0c7a6e92de20661391c395e4
/content/casting_dataset/casting_512x512/casting_512x512/ok_front/cast_ok_0_9840.jpeg,ok_front,0,"(512, 512)",RGB,148.19384765625,cb5fe6a83fc0f9a0720dded6320af3a0
/content/casting_dataset/casting_512x512/casting_512x512/def_front/cast_def_0_6853.jpeg,def_front,1,"(512, 512)",RGB,156.87432479858398,ca6a0534bce85f2900cce6ecd31a559c
/content/casting_dataset/casting_512x512/casting_512x512/def_front/cast_def_0_5061.jpeg,def_front,1,"(512, 512)",RGB,144.82570266723633,02b2e65fab1d930fb00407651d5a1da0
/content/casting_dataset/casting_512x512/casting_512x512/def_front/cast_def_0_565.jpeg,def_front,1,"(512, 512)",RGB,142.07217407226562,375cf8454adb8fdc76213c993e201e83
/content/casting_dataset/casting_512x512/casting_512x512/ok_front/cast_ok_0_35.jpeg,ok_front,0,"(512, 512)",RGB,147.27276229858398,c60d0a1102d48ceaad9f4a52e00c04d4
/content/casting_dataset/casting_512x512/casting_512x512/ok_front/cast_ok_0_5524.jpeg,ok_front,0,"(512, 512)",RGB,151.7463722229004,fbacb88378908084b543b80a6e049ed2
/content/casting_dataset/casting_512x512/casting_512x512/def_front/cast_def_0_7503.jpeg,def_front,1,"(512, 512)",RGB,135.5294189453125,5ee14817813b78402435b23b7e5bb14d
/content/casting_dataset/casting_512x512/casting_512x512/def_front/cast_def_0_2691.jpeg,def_front,1,"(512, 512)",RGB,139.4701271057129,f49025539c3942e1a9c5b86882e94c8a
/content/casting_dataset/casting_512x512/casting_512x512/def_front/cast_def_0_994.jpeg,def_front,1,"(512, 512)",RGB,133.09224319458008,04691f311e29179b89afd6a34f8145f5
/content/casting_dataset/casting_512x512/casting_512x512/ok_front/cast_ok_0_1429.jpeg,ok_front,0,"(512, 512)",RGB,154.80426025390625,3a7527045fcbe7668bc6be868e7c33de
/content/casting_dataset/casting_512x512/casting_512x512/def_front/cast_def_0_6035.jpeg,def_front,1,"(512, 512)",RGB,129.65170669555664,431578728c2e23d634ae05e08aa994e0
/content/casting_dataset/casting_512x512/casting_512x512/def_front/cast_def_0_6322.jpeg,def_front,1,"(512, 512)",RGB,138.1994972229004,39aaf451ad66dfc570ef10f9c21cf12d
/content/casting_dataset/casting_512x512/casting_512x512/ok_front/cast_ok_0_9150.jpeg,ok_front,0,"(512, 512)",RGB,157.63327026367188,74a223ebef3909b0de995bd60ff53482
/content/casting_dataset/casting_512x512/casting_512x512/def_front/cast_def_0_6154.jpeg,def_front,1,"(512, 512)",RGB,147.2426414489746,aa3d2a01bd92772c1c6238d9bd4794cd
/content/casting_dataset/casting_512x512/casting_512x512/ok_front/cast_ok_0_9216.jpeg,ok_front,0,"(512, 512)",RGB,130.57827377319336,314431b00541d6e5bbe19cda2acb44b6
/content/casting_dataset/casting_512x512/casting_512x512/def_front/cast_def_0_380.jpeg,def_front,1,"(512, 512)",RGB,124.47547912597656,a09a1afe681856834c22598d740787b0
/content/casting_dataset/casting_512x512/casting_512x512/ok_front/cast_ok_0_8166.jpeg,ok_front,0,"(512, 512)",RGB,145.44649124145508,c247854aee2cea45da569dae8d9689e8
/content/casting_dataset/casting_512x512/casting_512x512/def_front/cast_def_0_8114.jpeg,def_front,1,"(512, 512)",RGB,128.20355987548828,74a81e190963dd9286327e18e08fcd24
/content/casting_dataset/casting_512x512/casting_512x512/ok_front/cast_ok_0_775.jpeg,ok_front,0,"(512, 512)",RGB,147.03434371948242,792c71aa42be8cff6d82ea8363f23020
/content/casting_dataset/casting_512x512/casting_512x512/def_front/cast_def_0_4407.jpeg,def_front,1,"(512, 512)",RGB,137.44316482543945,4a15b8b3401af72277edfdf911d973aa
/content/casting_dataset/casting_512x512/casting_512x512/def_front/cast_def_0_1567.jpeg,def_front,1,"(512, 512)",RGB,140.62425994873047,ddd5d9c0f8ed809790dfc74fa04668bd
/content/casting_dataset/casting_512x512/casting_512x512/def_front/cast_def_0_7216.jpeg,def_front,1,"(512, 512)",RGB,135.4150505065918,4b17d4aded8d140edb9286f7eca0c265
/content/casting_dataset/casting_512x512/casting_512x512/def_front/cast_def_0_6797.jpeg,def_front,1,"(512, 512)",RGB,133.95151901245117,d2bc88d1b40cc4ad73866d6c4aae4f33
/content/casting_dataset/casting_512x512/casting_512x512/def_front/cast_def_0_2388.jpeg,def_front,1,"(512, 512)",RGB,136.7904167175293,83c1cd3f39968b28ea1e86b7721840b1
/content/casting_dataset/casting_512x512/casting_512x512/def_front/cast_def_0_4927.jpeg,def_front,1,"(512, 512)",RGB,139.72600173950195,628cab84c06b85a1d6bb08816ab9e5a7
/content/casting_dataset/casting_512x512/casting_512x512/def_front/cast_def_0_7315.jpeg,def_front,1,"(512, 512)",RGB,135.81460189819336,327b30b80931e253e9c676b839f38bce
/content/casting_dataset/casting_512x512/casting_512x512/def_front/cast_def_0_5480.jpeg,def_front,1,"(512, 512)",RGB,161.39358520507812,b7672a53e6eef6a2d394495f08df8db2
/content/casting_dataset/casting_512x512/casting_512x512/def_front/cast_def_0_1411.jpeg,def_front,1,"(512, 512)",RGB,138.12559127807617,9a178724bbdd0c6ea2fbedef21e99783
/content/casting_dataset/casting_512x512/casting_512x512/def_front/cast_def_0_3569.jpeg,def_front,1,"(512, 512)",RGB,115.57928466796875,0fe10d3a359228fbae7bed6de05a4470
/content/casting_dataset/casting_512x512/casting_512x512/ok_front/cast_ok_0_6529.jpeg,ok_front,0,"(512, 512)",RGB,133.84514999389648,e4db654077b048d40174d05dbe93bf59
/content/casting_dataset/casting_512x512/casting_512x512/def_front/cast_def_0_9206.jpeg,def_front,1,"(512, 512)",RGB,133.0303077697754,5e04b56bb2a6e07c4aeaa60c5da6ca4f
/content/casting_dataset/casting_512x512/casting_512x512/def_front/cast_def_0_4119.jpeg,def_front,1,"(512, 512)",RGB,136.46969604492188,8ec18576252964b73b3855b58baa097a
/content/casting_dataset/casting_512x512/casting_512x512/ok_front/cast_ok_0_5045.jpeg,ok_front,0,"(512, 512)",RGB,135.55118560791016,5385bf5961987d92c6d22022f1884035
/content/casting_dataset/casting_512x512/casting_512x512/def_front/cast_def_0_1077.jpeg,def_front,1,"(512, 512)",RGB,131.78400421142578,7cfb9958cdf8de2dd60fdcadb7e9f733
/content/casting_dataset/casting_512x512/casting_512x512/def_front/cast_def_0_5369.jpeg,def_front,1,"(512, 512)",RGB,152.3302993774414,60c1c012ec82383ac7e663b4fd303bbd
/content/casting_dataset/casting_512x512/casting_512x512/ok_front/cast_ok_0_805.jpeg,ok_front,0,"(512, 512)",RGB,142.74644470214844,df23f5a8f089e6e04e1b1728d12c3652
/content/casting_dataset/casting_512x512/casting_512x512/def_front/cast_def_0_4677.jpeg,def_front,1,"(512, 512)",RGB,127.4301872253418,f97eac5c1de9752531aec554a0cc2581
/content/casting_dataset/casting_512x512/casting_512x512/def_front/cast_def_0_4032.jpeg,def_front,1,"(512, 512)",RGB,126.33682250976562,0ea279b96234a144f5b44e17f75c4f27
/content/casting_dataset/casting_512x512/casting_512x512/ok_front/cast_ok_0_7338.jpeg,ok_front,0,"(512, 512)",RGB,146.1168327331543,f52451db0f389cb80d35051f2e88c2ff
/content/casting_dataset/casting_512x512/casting_512x512/def_front/cast_def_0_6662.jpeg,def_front,1,"(512, 512)",RGB,133.9926414489746,e502d55ab57731cff2c452003c2f135c
/content/casting_dataset/casting_512x512/casting_512x512/def_front/cast_def_0_9320.jpeg,def_front,1,"(512, 512)",RGB,154.6464500427246,efea2587a3e40eb0b288565ef0357461
/content/casting_dataset/casting_512x512/casting_512x512/def_front/cast_def_0_9582.jpeg,def_front,1,"(512, 512)",RGB,138.86605072021484,f98667e6d0892af6232d9c91f9bb937f
/content/casting_dataset/casting_512x512/casting_512x512/def_front/cast_def_0_6582.jpeg,def_front,1,"(512, 512)",RGB,131.90370178222656,de162111ed62ca78fb41373f7a705894
/content/casting_dataset/casting_512x512/casting_512x512/ok_front/cast_ok_0_8284.jpeg,ok_front,0,"(512, 512)",RGB,157.82857131958008,25ea4d8d5e05f565bf89cd74175d3a0c
/content/casting_dataset/casting_512x512/casting_512x512/ok_front/cast_ok_0_2720.jpeg,ok_front,0,"(512, 512)",RGB,152.98787689208984,c021b82961a392a3da8611c5bc1e74cc
/content/casting_dataset/casting_512x512/casting_512x512/ok_front/cast_ok_0_9307.jpeg,ok_front,0,"(512, 512)",RGB,136.14611434936523,9775e5e9db220c71771189b3015144ba
/content/casting_dataset/casting_512x512/casting_512x512/def_front/cast_def_0_1662.jpeg,def_front,1,"(512, 512)",RGB,140.62102127075195,3b8cdf4a81a35784fdbbc6a23326d3cc
/content/casting_dataset/casting_512x512/casting_512x512/ok_front/cast_ok_0_1091.jpeg,ok_front,0,"(512, 512)",RGB,143.11151504516602,4360d30467126f86c70548f9d8ffdb97
/content/casting_dataset/casting_512x512/casting_512x512/def_front/cast_def_0_1794.jpeg,def_front,1,"(512, 512)",RGB,136.72398376464844,61ab1b6ea18683ca2dfc3cfe3b219c83
/content/casting_dataset/casting_512x512/casting_512x512/ok_front/cast_ok_0_2505.jpeg,ok_front,0,"(512, 512)",RGB,163.3587188720703,072f8ecfc2648994421768f38f132bad
/content/casting_dataset/casting_512x512/casting_512x512/def_front/cast_def_0_5530.jpeg,def_front,1,"(512, 512)",RGB,134.89127349853516,891a0ec1a4ac7d36c89b7966cecc04fe
/content/casting_dataset/casting_512x512/casting_512x512/ok_front/cast_ok_0_7591.jpeg,ok_front,0,"(512, 512)",RGB,135.00677871704102,2a23752f31845dd67e56b96a56ac00a5
/content/casting_dataset/casting_512x512/casting_512x512/def_front/cast_def_0_4030.jpeg,def_front,1,"(512, 512)",RGB,131.74636840820312,30fc8c1afd7691e95f79133f8e35885b
/content/casting_dataset/casting_512x512/casting_512x512/ok_front/cast_ok_0_1817.jpeg,ok_front,0,"(512, 512)",RGB,140.5420036315918,2522749e362dec3205f7f458f908b002
/content/casting_dataset/casting_512x512/casting_512x512/def_front/cast_def_0_2917.jpeg,def_front,1,"(512, 512)",RGB,144.05601119995117,00b3b65af50cd26dee96c60747e94123
/content/casting_dataset/casting_512x512/casting_512x512/ok_front/cast_ok_0_6287.jpeg,ok_front,0,"(512, 512)",RGB,144.98438262939453,b924c6d61377a920fa92f7c9aec23b51
/content/casting_dataset/casting_512x512/casting_512x512/def_front/cast_def_0_5240.jpeg,def_front,1,"(512, 512)",RGB,128.66606521606445,dea35a0d98f31f46fc02a0f1b51748f0
/content/casting_dataset/casting_512x512/casting_512x512/def_front/cast_def_0_255.jpeg,def_front,1,"(512, 512)",RGB,132.2539825439453,04e3311c4e0cb9c58be2a4000a01a9a2
/content/casting_dataset/casting_512x512/casting_512x512/ok_front/cast_ok_0_591.jpeg,ok_front,0,"(512, 512)",RGB,149.89978790283203,a0852ab19e3adeb8fb0afba35ef0f42a
/content/casting_dataset/casting_512x512/casting_512x512/ok_front/cast_ok_0_4081.jpeg,ok_front,0,"(512, 512)",RGB,150.3910789489746,6011532ef700176c2f921139d02ca257
/content/casting_dataset/casting_512x512/casting_512x512/def_front/cast_def_0_9520.jpeg,def_front,1,"(512, 512)",RGB,139.20165634155273,6dd41d5fa7ca10b610929acd56ea5b8a
/content/casting_dataset/casting_512x512/casting_512x512/ok_front/cast_ok_0_9260.jpeg,ok_front,0,"(512, 512)",RGB,150.98857498168945,9d99379d85820ebbb6798464f13090a1
/content/casting_dataset/casting_512x512/casting_512x512/def_front/cast_def_0_8115.jpeg,def_front,1,"(512, 512)",RGB,157.5018310546875,4029b3aeac42d8a0637d00cc87fab171
/content/casting_dataset/casting_512x512/casting_512x512/ok_front/cast_ok_0_8566.jpeg,ok_front,0,"(512, 512)",RGB,140.0049934387207,cfda18898cfa4fb848f11fed69a797c8
/content/casting_dataset/casting_512x512/casting_512x512/ok_front/cast_ok_0_2295.jpeg,ok_front,0,"(512, 512)",RGB,149.12375259399414,85dab12bf6e50aceef6ba8a39d445b7f
/content/casting_dataset/casting_512x512/casting_512x512/def_front/cast_def_0_7410.jpeg,def_front,1,"(512, 512)",RGB,147.9849967956543,b63738ead8d4844cd848c488f13c55ae
/content/casting_dataset/casting_512x512/casting_512x512/def_front/cast_def_0_5851.jpeg,def_front,1,"(512, 512)",RGB,154.5590362548828,cc460c9d07c0ce3b09d29325a50e0fc4
/content/casting_dataset/casting_512x512/casting_512x512/def_front/cast_def_0_8697.jpeg,def_front,1,"(512, 512)",RGB,134.81203842163086,650053a9ea17a1a0b24ebee4665885f9
/content/casting_dataset/casting_512x512/casting_512x512/ok_front/cast_ok_0_6765.jpeg,ok_front,0,"(512, 512)",RGB,147.8908462524414,4a8d3da2a7db123bd603c14d04362b98
/content/casting_dataset/casting_512x512/casting_512x512/ok_front/cast_ok_0_7120.jpeg,ok_front,0,"(512, 512)",RGB,159.6455192565918,9d505803b8caddb4ee3c269b5f2fe25f
/content/casting_dataset/casting_512x512/casting_512x512/def_front/cast_def_0_7076.jpeg,def_front,1,"(512, 512)",RGB,156.89148712158203,2eedee4f9c8c7416cd0ae960120a3b3f
/content/casting_dataset/casting_512x512/casting_512x512/ok_front/cast_ok_0_7841.jpeg,ok_front,0,"(512, 512)",RGB,148.03402709960938,84f7787e0096fee45b398a4f18eb9516
/content/casting_dataset/casting_512x512/casting_512x512/def_front/cast_def_0_2474.jpeg,def_front,1,"(512, 512)",RGB,158.27124786376953,0b8c7e1f8198a8adeaf556ca82705896
/content/casting_dataset/casting_512x512/casting_512x512/ok_front/cast_ok_0_8126.jpeg,ok_front,0,"(512, 512)",RGB,154.91840362548828,a499d87da6b035e46adb635cd0812c95
/content/casting_dataset/casting_512x512/casting_512x512/ok_front/cast_ok_0_4855.jpeg,ok_front,0,"(512, 512)",RGB,165.4702033996582,fb7146e41b849b2854c35d59d71da9a8
/content/casting_dataset/casting_512x512/casting_512x512/ok_front/cast_ok_0_7831.jpeg,ok_front,0,"(512, 512)",RGB,155.2364273071289,1e87fa7ee1e364af97fb963dfb1a5706
/content/casting_dataset/casting_512x512/casting_512x512/def_front/cast_def_0_3136.jpeg,def_front,1,"(512, 512)",RGB,138.2268409729004,ecbb19ce11d01ab6edfdd0dcc175d04b
/content/casting_dataset/casting_512x512/casting_512x512/ok_front/cast_ok_0_1144.jpeg,ok_front,0,"(512, 512)",RGB,147.67023086547852,e012cd128f79e5f12a01d0e4775f8c41
/content/casting_dataset/casting_512x512/casting_512x512/def_front/cast_def_0_8822.jpeg,def_front,1,"(512, 512)",RGB,133.24565887451172,aaf6b8e30950d64bc398774dce6260b8
/content/casting_dataset/casting_512x512/casting_512x512/ok_front/cast_ok_0_4177.jpeg,ok_front,0,"(512, 512)",RGB,160.58655166625977,cdea8d32909a6ef8c89a4080e910b532
/content/casting_dataset/casting_512x512/casting_512x512/ok_front/cast_ok_0_7604.jpeg,ok_front,0,"(512, 512)",RGB,136.4464988708496,1aaeaa059ab78c5a4cffcbaa20231171
/content/casting_dataset/casting_512x512/casting_512x512/def_front/cast_def_0_6898.jpeg,def_front,1,"(512, 512)",RGB,133.7140769958496,bd95c3eb465e31baa53fcb96ff4eac27
/content/casting_dataset/casting_512x512/casting_512x512/ok_front/cast_ok_0_821.jpeg,ok_front,0,"(512, 512)",RGB,148.39608001708984,3187a1a0bbe45f5c2be7d09ed1e4c2bb
/content/casting_dataset/casting_512x512/casting_512x512/ok_front/cast_ok_0_9667.jpeg,ok_front,0,"(512, 512)",RGB,142.9668960571289,355f4cbc716c3cd479a65b69a95c3454
/content/casting_dataset/casting_512x512/casting_512x512/def_front/cast_def_0_5317.jpeg,def_front,1,"(512, 512)",RGB,124.17320251464844,7f6bf4d032d63fb539b8f2735c1979de
/content/casting_dataset/casting_512x512/casting_512x512/ok_front/cast_ok_0_5327.jpeg,ok_front,0,"(512, 512)",RGB,150.64517211914062,2a1ca65040d3a66aa355af5b9c3e0642
/content/casting_dataset/casting_512x512/casting_512x512/def_front/cast_def_0_9021.jpeg,def_front,1,"(512, 512)",RGB,134.84097290039062,adb8d7fcfb00f368d2cceecf6d9a6555
/content/casting_dataset/casting_512x512/casting_512x512/def_front/cast_def_0_8722.jpeg,def_front,1,"(512, 512)",RGB,136.6070556640625,e260b9d691e2762dcd3631703ff7fa2c
/content/casting_dataset/casting_512x512/casting_512x512/ok_front/cast_ok_0_2054.jpeg,ok_front,0,"(512, 512)",RGB,158.5223617553711,4fc62031a61aa98c0d4d2ba4c606bbe3
/content/casting_dataset/casting_512x512/casting_512x512/ok_front/cast_ok_0_1559.jpeg,ok_front,0,"(512, 512)",RGB,164.60607147216797,91fa3241de7a57028fb547600943c90b
/content/casting_dataset/casting_512x512/casting_512x512/ok_front/cast_ok_0_6134.jpeg,ok_front,0,"(512, 512)",RGB,147.58531951904297,6576366168a36dc2a172a5f08ebcd45a
/content/casting_dataset/casting_512x512/casting_512x512/ok_front/cast_ok_0_8580.jpeg,ok_front,0,"(512, 512)",RGB,141.21907424926758,b08dade25726adb0d702b1890e3bf0c6
/content/casting_dataset/casting_512x512/casting_512x512/def_front/cast_def_0_5224.jpeg,def_front,1,"(512, 512)",RGB,122.80635452270508,d553f44076dec47c90fafae84e47048a
/content/casting_dataset/casting_512x512/casting_512x512/def_front/cast_def_0_3989.jpeg,def_front,1,"(512, 512)",RGB,154.3022804260254,95008bae8e9cebaf737d55008b8fc149
/content/casting_dataset/casting_512x512/casting_512x512/def_front/cast_def_0_5954.jpeg,def_front,1,"(512, 512)",RGB,136.10231018066406,9486532c658ee8ab12f4bd9ae3d9c448
/content/casting_dataset/casting_512x512/casting_512x512/def_front/cast_def_0_3010.jpeg,def_front,1,"(512, 512)",RGB,138.60271835327148,833582966147c1e47ad3ce9d8586fc5a
/content/casting_dataset/casting_512x512/casting_512x512/def_front/cast_def_0_7183.jpeg,def_front,1,"(512, 512)",RGB,123.34390258789062,e2e49a0969c167835fe6d6f889d1f255
/content/casting_dataset/casting_512x512/casting_512x512/def_front/cast_def_0_4264.jpeg,def_front,1,"(512, 512)",RGB,139.22218322753906,3d364a023f661025a8fa82f55ac1d0ed
/content/casting_dataset/casting_512x512/casting_512x512/ok_front/cast_ok_0_7642.jpeg,ok_front,0,"(512, 512)",RGB,146.93156051635742,8fb656772749741f0dcc50d3ab36409a
/content/casting_dataset/casting_512x512/casting_512x512/ok_front/cast_ok_0_601.jpeg,ok_front,0,"(512, 512)",RGB,155.85242462158203,185dcbfd70c7f629e92c2fb2e4675483
/content/casting_dataset/casting_512x512/casting_512x512/ok_front/cast_ok_0_7353.jpeg,ok_front,0,"(512, 512)",RGB,157.084716796875,0596362a77678eceb9312f8687bdecfa
/content/casting_dataset/casting_512x512/casting_512x512/def_front/cast_def_0_6244.jpeg,def_front,1,"(512, 512)",RGB,146.617431640625,dcb72106d65bfcfdac781bda09cf13d7
/content/casting_dataset/casting_512x512/casting_512x512/def_front/cast_def_0_4574.jpeg,def_front,1,"(512, 512)",RGB,136.3241424560547,829905ed03e1cbcd330e8b4f028d0997
/content/casting_dataset/casting_512x512/casting_512x512/def_front/cast_def_0_3252.jpeg,def_front,1,"(512, 512)",RGB,131.15940856933594,480ef2937da031c176c9c558e897b4d4
/content/casting_dataset/casting_512x512/casting_512x512/ok_front/cast_ok_0_3966.jpeg,ok_front,0,"(512, 512)",RGB,151.96618270874023,1bcdf43589899b91f0036aa60238b8ce
/content/casting_dataset/casting_512x512/casting_512x512/def_front/cast_def_0_8813.jpeg,def_front,1,"(512, 512)",RGB,130.2053565979004,05cc7d8e3df9c4564f650239e6c45984
/content/casting_dataset/casting_512x512/casting_512x512/def_front/cast_def_0_9025.jpeg,def_front,1,"(512, 512)",RGB,134.02155303955078,63159de179730b52c933d413e1de38e0
/content/casting_dataset/casting_512x512/casting_512x512/def_front/cast_def_0_5374.jpeg,def_front,1,"(512, 512)",RGB,148.1121826171875,cdd527ce2af8441105e7c0688106689f
/content/casting_dataset/casting_512x512/casting_512x512/def_front/cast_def_0_3797.jpeg,def_front,1,"(512, 512)",RGB,135.7451934814453,448bec054db4992069a78f7fc614e33a
/content/casting_dataset/casting_512x512/casting_512x512/def_front/cast_def_0_5932.jpeg,def_front,1,"(512, 512)",RGB,130.70580291748047,ac71cf56384e57621f178472f96cb700
/content/casting_dataset/casting_512x512/casting_512x512/ok_front/cast_ok_0_5137.jpeg,ok_front,0,"(512, 512)",RGB,162.1032371520996,6711bbdea2b376290cc4d16e79e298ec
/content/casting_dataset/casting_512x512/casting_512x512/ok_front/cast_ok_0_5738.jpeg,ok_front,0,"(512, 512)",RGB,149.66542053222656,5bb6ebbd2be14bf1944e2db4d098bdfe
/content/casting_dataset/casting_512x512/casting_512x512/ok_front/cast_ok_0_1573.jpeg,ok_front,0,"(512, 512)",RGB,132.9517364501953,84fd12fd16571386562746e9698745b6
/content/casting_dataset/casting_512x512/casting_512x512/ok_front/cast_ok_0_3439.jpeg,ok_front,0,"(512, 512)",RGB,157.0193634033203,35efdf296cf0d062dae8f12b74c06ffe
/content/casting_dataset/casting_512x512/casting_512x512/def_front/cast_def_0_8855.jpeg,def_front,1,"(512, 512)",RGB,132.15810012817383,aea5b5bb746ec233588cb7fc5aa95e97
/content/casting_dataset/casting_512x512/casting_512x512/ok_front/cast_ok_0_7939.jpeg,ok_front,0,"(512, 512)",RGB,149.76323318481445,2574954e1a9a00d556136b737ec92872
/content/casting_dataset/casting_512x512/casting_512x512/ok_front/cast_ok_0_2865.jpeg,ok_front,0,"(512, 512)",RGB,147.49098587036133,84a3a3a694785bdd050259edda491059
/content/casting_dataset/casting_512x512/casting_512x512/ok_front/cast_ok_0_7049.jpeg,ok_front,0,"(512, 512)",RGB,158.54152297973633,cd4c33b2a18c633e35919c0825ded12d
/content/casting_dataset/casting_512x512/casting_512x512/def_front/cast_def_0_3993.jpeg,def_front,1,"(512, 512)",RGB,127.55012893676758,fbf6a0d4013c041131da0b8910beb4d5
/content/casting_dataset/casting_512x512/casting_512x512/def_front/cast_def_0_8596.jpeg,def_front,1,"(512, 512)",RGB,131.7191619873047,d75c8b3982a8bd860c3ac3bf50f76e6c
/content/casting_dataset/casting_512x512/casting_512x512/ok_front/cast_ok_0_2268.jpeg,ok_front,0,"(512, 512)",RGB,150.21948623657227,588083c9bf1cd900a29cb536ab548652
/content/casting_dataset/casting_512x512/casting_512x512/def_front/cast_def_0_5933.jpeg,def_front,1,"(512, 512)",RGB,155.0353660583496,e613b8f083adb9c27834d84abdf1c2a4
/content/casting_dataset/casting_512x512/casting_512x512/ok_front/cast_ok_0_6295.jpeg,ok_front,0,"(512, 512)",RGB,154.0887107849121,b7636e27789f45b21ea4d7419bfdc08f
/content/casting_dataset/casting_512x512/casting_512x512/def_front/cast_def_0_361.jpeg,def_front,1,"(512, 512)",RGB,131.28106307983398,7cb0fa6971655f46c980bdc4de9f2fcd
/content/casting_dataset/casting_512x512/casting_512x512/ok_front/cast_ok_0_7432.jpeg,ok_front,0,"(512, 512)",RGB,151.79683685302734,df4ac08f1b16a7281da9c60eb2e22966
/content/casting_dataset/casting_512x512/casting_512x512/def_front/cast_def_0_5146.jpeg,def_front,1,"(512, 512)",RGB,131.63822555541992,1eaee248e693d4374c5d79264f0c5175
/content/casting_dataset/casting_512x512/casting_512x512/ok_front/cast_ok_0_8466.jpeg,ok_front,0,"(512, 512)",RGB,134.61373901367188,1d5a355f8ef6ea72af572077fa6b0ba3
/content/casting_dataset/casting_512x512/casting_512x512/ok_front/cast_ok_0_5687.jpeg,ok_front,0,"(512, 512)",RGB,149.45193481445312,cf40f6a2df3c0f5202fcd4f754888638
/content/casting_dataset/casting_512x512/casting_512x512/def_front/cast_def_0_7694.jpeg,def_front,1,"(512, 512)",RGB,134.10752868652344,53222cecccb725dec67457544f8544a9
/content/casting_dataset/casting_512x512/casting_512x512/ok_front/cast_ok_0_7195.jpeg,ok_front,0,"(512, 512)",RGB,164.88466262817383,345ff27145464af635228eb9c56d33f6
/content/casting_dataset/casting_512x512/casting_512x512/ok_front/cast_ok_0_8533.jpeg,ok_front,0,"(512, 512)",RGB,143.09519958496094,3a0a26a7f418b2dba9aa53ffc3184a32
/content/casting_dataset/casting_512x512/casting_512x512/def_front/cast_def_0_7794.jpeg,def_front,1,"(512, 512)",RGB,146.11287689208984,c93f7e728ed1c7fee90712fcafdbf027
/content/casting_dataset/casting_512x512/casting_512x512/ok_front/cast_ok_0_312.jpeg,ok_front,0,"(512, 512)",RGB,156.13660049438477,5acf024b4216b3544faf7dccb07dde0f
/content/casting_dataset/casting_512x512/casting_512x512/def_front/cast_def_0_9084.jpeg,def_front,1,"(512, 512)",RGB,140.4880142211914,3938961628209fc1480a1df0cfd49c5a
/content/casting_dataset/casting_512x512/casting_512x512/ok_front/cast_ok_0_2622.jpeg,ok_front,0,"(512, 512)",RGB,155.3733367919922,94e649710ecb4bc24527a535971f44fd
/content/casting_dataset/casting_512x512/casting_512x512/ok_front/cast_ok_0_6235.jpeg,ok_front,0,"(512, 512)",RGB,142.18749618530273,202d3fa32abf41f1ca18f390ba7a51b6
/content/casting_dataset/casting_512x512/casting_512x512/def_front/cast_def_0_8529.jpeg,def_front,1,"(512, 512)",RGB,143.01234436035156,0fd072f1c4f192b89ba1760e3870c756
/content/casting_dataset/casting_512x512/casting_512x512/ok_front/cast_ok_0_2867.jpeg,ok_front,0,"(512, 512)",RGB,156.75247192382812,a537bb782e0d3409509f8806b1a82389
/content/casting_dataset/casting_512x512/casting_512x512/def_front/cast_def_0_7603.jpeg,def_front,1,"(512, 512)",RGB,135.02852249145508,c26a288fd64815cc9c6cfbd1d83468f7
/content/casting_dataset/casting_512x512/casting_512x512/def_front/cast_def_0_4904.jpeg,def_front,1,"(512, 512)",RGB,134.23134231567383,eb5dca6fd32c9844ed6e8b20ce1f4fcb
/content/casting_dataset/casting_512x512/casting_512x512/def_front/cast_def_0_3992.jpeg,def_front,1,"(512, 512)",RGB,128.71580123901367,a88bf23f2da355e0bb9adf273f7f7dce
/content/casting_dataset/casting_512x512/casting_512x512/def_front/cast_def_0_9995.jpeg,def_front,1,"(512, 512)",RGB,136.2179298400879,034c9b4ddaf96a4327206d2e84cc2845
/content/casting_dataset/casting_512x512/casting_512x512/ok_front/cast_ok_0_7194.jpeg,ok_front,0,"(512, 512)",RGB,151.37884521484375,a924fd91b344ba171b653d1739595c1f
/content/casting_dataset/casting_512x512/casting_512x512/def_front/cast_def_0_6519.jpeg,def_front,1,"(512, 512)",RGB,142.66565704345703,610320cc970d844eb8d365644d0bcfbf
/content/casting_dataset/casting_512x512/casting_512x512/def_front/cast_def_0_6184.jpeg,def_front,1,"(512, 512)",RGB,141.24127960205078,91e72acce1d042adf9d235d3bab99f16
/content/casting_dataset/casting_512x512/casting_512x512/ok_front/cast_ok_0_7519.jpeg,ok_front,0,"(512, 512)",RGB,145.77422714233398,2a7ec2985573a9f207c93f4edd62e7ea
/content/casting_dataset/casting_512x512/casting_512x512/ok_front/cast_ok_0_1853.jpeg,ok_front,0,"(512, 512)",RGB,137.8633155822754,ee9f7ccf3fc095924f5ec99c652c9a56
/content/casting_dataset/casting_512x512/casting_512x512/def_front/cast_def_0_4683.jpeg,def_front,1,"(512, 512)",RGB,136.4737434387207,baf07e93b04d9eccfcb17cf9e7bde807
/content/casting_dataset/casting_512x512/casting_512x512/ok_front/cast_ok_0_6018.jpeg,ok_front,0,"(512, 512)",RGB,148.65495681762695,88318d069a216290d89c60028590a2b0
/content/casting_dataset/casting_512x512/casting_512x512/ok_front/cast_ok_0_3654.jpeg,ok_front,0,"(512, 512)",RGB,145.14290618896484,0f3b0c1932c27a3ae3f608a1330fa89e
/content/casting_dataset/casting_512x512/casting_512x512/def_front/cast_def_0_6610.jpeg,def_front,1,"(512, 512)",RGB,128.70072555541992,e9a4e597a3c70ed4c8b41e406bd4b4a8
/content/casting_dataset/casting_512x512/casting_512x512/def_front/cast_def_0_7324.jpeg,def_front,1,"(512, 512)",RGB,160.0596923828125,c7bc76d5a03d485f6b3b8190af35cd1d
/content/casting_dataset/casting_512x512/casting_512x512/def_front/cast_def_0_383.jpeg,def_front,1,"(512, 512)",RGB,137.37495803833008,626c0308d32b5e7ff1c4f50ad2c56337
/content/casting_dataset/casting_512x512/casting_512x512/ok_front/cast_ok_0_1963.jpeg,ok_front,0,"(512, 512)",RGB,134.7992172241211,06e895dd203aefe6579efef519b5c6d8
/content/casting_dataset/casting_512x512/casting_512x512/def_front/cast_def_0_3334.jpeg,def_front,1,"(512, 512)",RGB,129.63127899169922,5fb1c7b8510b03b26d3771e073405317
/content/casting_dataset/casting_512x512/casting_512x512/def_front/cast_def_0_4705.jpeg,def_front,1,"(512, 512)",RGB,142.95933151245117,5293334069be05e965e5d0970749c9dc
/content/casting_dataset/casting_512x512/casting_512x512/def_front/cast_def_0_2148.jpeg,def_front,1,"(512, 512)",RGB,135.51466751098633,bc403ae4c93e2cbd884339a3a95d386c
/content/casting_dataset/casting_512x512/casting_512x512/ok_front/cast_ok_0_3102.jpeg,ok_front,0,"(512, 512)",RGB,134.64062881469727,2aa2c572b8a56d158e8c2f1fbbec29eb
/content/casting_dataset/casting_512x512/casting_512x512/ok_front/cast_ok_0_7357.jpeg,ok_front,0,"(512, 512)",RGB,142.80044555664062,7c95980b9ce8747235d5e2dcddbcdb55
/content/casting_dataset/casting_512x512/casting_512x512/ok_front/cast_ok_0_7720.jpeg,ok_front,0,"(512, 512)",RGB,155.20272064208984,d806a783ad3d18723220f55bbc4d0e91
/content/casting_dataset/casting_512x512/casting_512x512/def_front/cast_def_0_2003.jpeg,def_front,1,"(512, 512)",RGB,141.77488708496094,fc7162a61607b2653ab4091713d5c880
/content/casting_dataset/casting_512x512/casting_512x512/def_front/cast_def_0_966.jpeg,def_front,1,"(512, 512)",RGB,132.19345092773438,4a6bf7314a92aefec37d08a87356dc17
/content/casting_dataset/casting_512x512/casting_512x512/def_front/cast_def_0_4017.jpeg,def_front,1,"(512, 512)",RGB,132.19252395629883,8dc0e4f8899e144fe6b30d8bd2e22e87
/content/casting_dataset/casting_512x512/casting_512x512/def_front/cast_def_0_4093.jpeg,def_front,1,"(512, 512)",RGB,134.59808731079102,ea97cb6901f4dae9b02321aae5ed663b
/content/casting_dataset/casting_512x512/casting_512x512/ok_front/cast_ok_0_5465.jpeg,ok_front,0,"(512, 512)",RGB,143.42708206176758,ceb6b348a1f535e45c33143e3f88f591
/content/casting_dataset/casting_512x512/casting_512x512/ok_front/cast_ok_0_2241.jpeg,ok_front,0,"(512, 512)",RGB,141.69422149658203,ca34c87b6d59171a4f6bfd059c69deee
/content/casting_dataset/casting_512x512/casting_512x512/ok_front/cast_ok_0_93.jpeg,ok_front,0,"(512, 512)",RGB,167.7845573425293,a79787a990ace0be58e9c2348e3855a6
/content/casting_dataset/casting_512x512/casting_512x512/def_front/cast_def_0_8121.jpeg,def_front,1,"(512, 512)",RGB,136.58161544799805,5e004d61b9cc3b51860e76338504738f
/content/casting_dataset/casting_512x512/casting_512x512/ok_front/cast_ok_0_6129.jpeg,ok_front,0,"(512, 512)",RGB,155.0210838317871,b43080a82463aed5b3e90973edeb291b
/content/casting_dataset/casting_512x512/casting_512x512/def_front/cast_def_0_7446.jpeg,def_front,1,"(512, 512)",RGB,135.14295959472656,13ae3be1bcf238ea02da7b2733b9c9d2
/content/casting_dataset/casting_512x512/casting_512x512/def_front/cast_def_0_324.jpeg,def_front,1,"(512, 512)",RGB,134.65076446533203,609d3740e716adb33ce7696e191a67fe
/content/casting_dataset/casting_512x512/casting_512x512/def_front/cast_def_0_4748.jpeg,def_front,1,"(512, 512)",RGB,139.10122299194336,affcfb4f8ad53072cb9cecf9bbcdefa9
/content/casting_dataset/casting_512x512/casting_512x512/def_front/cast_def_0_604.jpeg,def_front,1,"(512, 512)",RGB,134.68731307983398,f8d6f35b8a06df35c350e4d41249b29c
/content/casting_dataset/casting_512x512/casting_512x512/def_front/cast_def_0_3867.jpeg,def_front,1,"(512, 512)",RGB,145.4837760925293,2e3818f006c32104b600a53d82774454
/content/casting_dataset/casting_512x512/casting_512x512/def_front/cast_def_0_219.jpeg,def_front,1,"(512, 512)",RGB,125.60039901733398,af8fdac9b9d5bbdec24649860cd8c94b
/content/casting_dataset/casting_512x512/casting_512x512/def_front/cast_def_0_4697.jpeg,def_front,1,"(512, 512)",RGB,163.0324592590332,fe2d13af547a0f17d8a12aede59d0a85
/content/casting_dataset/casting_512x512/casting_512x512/def_front/cast_def_0_852.jpeg,def_front,1,"(512, 512)",RGB,134.11229705810547,2c1f2985efcf0c59beacc3c06f0b1840
/content/casting_dataset/casting_512x512/casting_512x512/ok_front/cast_ok_0_3338.jpeg,ok_front,0,"(512, 512)",RGB,168.04075241088867,2b8fdd09fb28a02e3f26f431dd28efd7
/content/casting_dataset/casting_512x512/casting_512x512/ok_front/cast_ok_0_2785.jpeg,ok_front,0,"(512, 512)",RGB,136.50091552734375,8e49e603bc9d2355ce8cef102b1aa8e3
/content/casting_dataset/casting_512x512/casting_512x512/ok_front/cast_ok_0_7609.jpeg,ok_front,0,"(512, 512)",RGB,154.60026931762695,01a0c1cb67a6ca71626887f6ec9b7d6d
/content/casting_dataset/casting_512x512/casting_512x512/def_front/cast_def_0_839.jpeg,def_front,1,"(512, 512)",RGB,143.71338272094727,9cd591cded6caefaf058ac6b0b8a4db9
/content/casting_dataset/casting_512x512/casting_512x512/ok_front/cast_ok_0_8726.jpeg,ok_front,0,"(512, 512)",RGB,143.39363479614258,3b171c913e564feaa24368805b12bb9c
/content/casting_dataset/casting_512x512/casting_512x512/def_front/cast_def_0_1257.jpeg,def_front,1,"(512, 512)",RGB,139.3220443725586,c2e1e1a3ae4a04dea00eff849507952d
/content/casting_dataset/casting_512x512/casting_512x512/def_front/cast_def_0_354.jpeg,def_front,1,"(512, 512)",RGB,127.79438018798828,fcd954b9010e6fe5aa29ab0606f093d3
/content/casting_dataset/casting_512x512/casting_512x512/def_front/cast_def_0_6884.jpeg,def_front,1,"(512, 512)",RGB,132.1020050048828,e7107d0c30df7751747cc6da2bf7fbc9
/content/casting_dataset/casting_512x512/casting_512x512/def_front/cast_def_0_4693.jpeg,def_front,1,"(512, 512)",RGB,136.02699279785156,bf0d9108efdbf0f87867200a43a39fa4
/content/casting_dataset/casting_512x512/casting_512x512/def_front/cast_def_0_2234.jpeg,def_front,1,"(512, 512)",RGB,131.31446838378906,663bfaf399725e6a2848e39a9c2d620f
/content/casting_dataset/casting_512x512/casting_512x512/def_front/cast_def_0_469.jpeg,def_front,1,"(512, 512)",RGB,132.32747650146484,1dcae98ed0447b3cd0aa02a671c89a31
/content/casting_dataset/casting_512x512/casting_512x512/def_front/cast_def_0_2263.jpeg,def_front,1,"(512, 512)",RGB,138.0628204345703,aeae61c769b351bfff7d8f8cc0eccd75
/content/casting_dataset/casting_512x512/casting_512x512/def_front/cast_def_0_3756.jpeg,def_front,1,"(512, 512)",RGB,135.2172622680664,247a14d1d29efab5c429af80c89e812b
/content/casting_dataset/casting_512x512/casting_512x512/def_front/cast_def_0_6658.jpeg,def_front,1,"(512, 512)",RGB,134.47565841674805,16817581913702429cdc77a00d33294d
/content/casting_dataset/casting_512x512/casting_512x512/def_front/cast_def_0_5628.jpeg,def_front,1,"(512, 512)",RGB,145.69550323486328,ab5e99f45da2233aa7ff0f9aa3257226
/content/casting_dataset/casting_512x512/casting_512x512/ok_front/cast_ok_0_7021.jpeg,ok_front,0,"(512, 512)",RGB,161.91011810302734,454722236a16980fe1a83063140da365
/content/casting_dataset/casting_512x512/casting_512x512/def_front/cast_def_0_7420.jpeg,def_front,1,"(512, 512)",RGB,127.81425476074219,8725dbd969aaf05dfa7b9aecbb4e3d1b
/content/casting_dataset/casting_512x512/casting_512x512/ok_front/cast_ok_0_4799.jpeg,ok_front,0,"(512, 512)",RGB,148.6697235107422,3319d99ea464c6075a7f674d658c4fa9
/content/casting_dataset/casting_512x512/casting_512x512/ok_front/cast_ok_0_327.jpeg,ok_front,0,"(512, 512)",RGB,130.7684326171875,6a5fcd9de9d3170ea023f524482d3cc4
/content/casting_dataset/casting_512x512/casting_512x512/def_front/cast_def_0_25.jpeg,def_front,1,"(512, 512)",RGB,156.05779266357422,cebcf183109cccbd82fdb3c344bf3c24
/content/casting_dataset/casting_512x512/casting_512x512/def_front/cast_def_0_5014.jpeg,def_front,1,"(512, 512)",RGB,134.5693588256836,40dcc1f01bd402580add64003db82c9e
/content/casting_dataset/casting_512x512/casting_512x512/ok_front/cast_ok_0_1584.jpeg,ok_front,0,"(512, 512)",RGB,128.5412368774414,c65a97de2f80da8b53aa50866e97a0e0
/content/casting_dataset/casting_512x512/casting_512x512/def_front/cast_def_0_5241.jpeg,def_front,1,"(512, 512)",RGB,140.78594207763672,dbdf938204ebddd00a19ed480b74b70c
/content/casting_dataset/casting_512x512/casting_512x512/def_front/cast_def_0_5572.jpeg,def_front,1,"(512, 512)",RGB,157.80857849121094,592006e0f5ebf65db2bdf75af35a6d86
/content/casting_dataset/casting_512x512/casting_512x512/def_front/cast_def_0_744.jpeg,def_front,1,"(512, 512)",RGB,155.19467163085938,6fa5324363c9b73ba0cfc7939606a469
/content/casting_dataset/casting_512x512/casting_512x512/ok_front/cast_ok_0_5536.jpeg,ok_front,0,"(512, 512)",RGB,147.29083251953125,9c82e2b428f4f497f319b394192891fe
/content/casting_dataset/casting_512x512/casting_512x512/ok_front/cast_ok_0_968.jpeg,ok_front,0,"(512, 512)",RGB,150.69009017944336,5f241eb4ead87398c026f7988ee79234
/content/casting_dataset/casting_512x512/casting_512x512/ok_front/cast_ok_0_2541.jpeg,ok_front,0,"(512, 512)",RGB,151.29650115966797,33a28bb0f6d161dc8adb5961997f41da
/content/casting_dataset/casting_512x512/casting_512x512/def_front/cast_def_0_4484.jpeg,def_front,1,"(512, 512)",RGB,150.6773223876953,702a6daf9594f3502046a112d3af75bd
/content/casting_dataset/casting_512x512/casting_512x512/def_front/cast_def_0_7462.jpeg,def_front,1,"(512, 512)",RGB,137.36137771606445,8a719c13f57401eebb383635b38795a1
/content/casting_dataset/casting_512x512/casting_512x512/ok_front/cast_ok_0_3868.jpeg,ok_front,0,"(512, 512)",RGB,152.12062072753906,49537fc2650deab19edf45024fea17f0
/content/casting_dataset/casting_512x512/casting_512x512/def_front/cast_def_0_8742.jpeg,def_front,1,"(512, 512)",RGB,134.57439422607422,dec82cffc45b0d46157ba91c6625eb50
/content/casting_dataset/casting_512x512/casting_512x512/def_front/cast_def_0_7782.jpeg,def_front,1,"(512, 512)",RGB,121.65123748779297,a32d56041bee3f169a20a3e2d945117e
/content/casting_dataset/casting_512x512/casting_512x512/def_front/cast_def_0_4108.jpeg,def_front,1,"(512, 512)",RGB,132.36968612670898,65de90f99911babcd33458e458be52e7
/content/casting_dataset/casting_512x512/casting_512x512/ok_front/cast_ok_0_6239.jpeg,ok_front,0,"(512, 512)",RGB,158.19129943847656,3e49238c115ad867c0e8947543d08e95
/content/casting_dataset/casting_512x512/casting_512x512/def_front/cast_def_0_7474.jpeg,def_front,1,"(512, 512)",RGB,143.8541030883789,cfa8f354627fe92647f5d5feaadf70fd
/content/casting_dataset/casting_512x512/casting_512x512/ok_front/cast_ok_0_6482.jpeg,ok_front,0,"(512, 512)",RGB,146.12660217285156,86fa25028103cf9e1899d746f64ba4b5
/content/casting_dataset/casting_512x512/casting_512x512/def_front/cast_def_0_3074.jpeg,def_front,1,"(512, 512)",RGB,139.86550903320312,3c01ed625c4efdfa3cb31bcdeeee3d4a
/content/casting_dataset/casting_512x512/casting_512x512/ok_front/cast_ok_0_5326.jpeg,ok_front,0,"(512, 512)",RGB,160.45227432250977,7522fa81fb2a36826d7a1641684ea14b
/content/casting_dataset/casting_512x512/casting_512x512/ok_front/cast_ok_0_2605.jpeg,ok_front,0,"(512, 512)",RGB,150.06380081176758,38e0d7ac30989c33bef0502696face51
/content/casting_dataset/casting_512x512/casting_512x512/def_front/cast_def_0_4228.jpeg,def_front,1,"(512, 512)",RGB,135.8365592956543,2a6ed6e0be009740108279eeaf7ebc1e
/content/casting_dataset/casting_512x512/casting_512x512/ok_front/cast_ok_0_1588.jpeg,ok_front,0,"(512, 512)",RGB,138.39087295532227,f585f802af3a52c80bfdc7017d3f8b62
/content/casting_dataset/casting_512x512/casting_512x512/def_front/cast_def_0_8719.jpeg,def_front,1,"(512, 512)",RGB,135.87794876098633,7d6940e8f337729c33d4e283217dedaf
/content/casting_dataset/casting_512x512/casting_512x512/def_front/cast_def_0_5205.jpeg,def_front,1,"(512, 512)",RGB,130.04022598266602,5892f3aa22e31657babca76914183659
/content/casting_dataset/casting_512x512/casting_512x512/def_front/cast_def_0_7113.jpeg,def_front,1,"(512, 512)",RGB,154.71051025390625,64159ba120ab94cd9594ea8bfd5ee0c7
/content/casting_dataset/casting_512x512/casting_512x512/def_front/cast_def_0_8049.jpeg,def_front,1,"(512, 512)",RGB,137.20642471313477,e54bb7a3192aa902aafdd5df6b7495f4
/content/casting_dataset/casting_512x512/casting_512x512/def_front/cast_def_0_3495.jpeg,def_front,1,"(512, 512)",RGB,134.5863037109375,3f30d6256f84facb75cac9041bb1bc96
/content/casting_dataset/casting_512x512/casting_512x512/def_front/cast_def_0_3185.jpeg,def_front,1,"(512, 512)",RGB,138.05500030517578,7a4e1cab534988cd8db4c04e36f18f65
/content/casting_dataset/casting_512x512/casting_512x512/ok_front/cast_ok_0_9192.jpeg,ok_front,0,"(512, 512)",RGB,169.5932960510254,3aca0b84fa9b78f9e9cc889e36e2c13c
/content/casting_dataset/casting_512x512/casting_512x512/ok_front/cast_ok_0_1290.jpeg,ok_front,0,"(512, 512)",RGB,148.6671905517578,bf4c259e7ed82fedafa806be682d8ac6
/content/casting_dataset/casting_512x512/casting_512x512/ok_front/cast_ok_0_7271.jpeg,ok_front,0,"(512, 512)",RGB,131.17356491088867,1e15231b1302d54824caf1d69ac26855
/content/casting_dataset/casting_512x512/casting_512x512/def_front/cast_def_0_4355.jpeg,def_front,1,"(512, 512)",RGB,139.65535354614258,05473b8db57b8c64efad9c9cd981bf93
/content/casting_dataset/casting_512x512/casting_512x512/def_front/cast_def_0_9879.jpeg,def_front,1,"(512, 512)",RGB,145.00672912597656,1d46da9a8ff34af32a2326b54be50047
/content/casting_dataset/casting_512x512/casting_512x512/def_front/cast_def_0_8711.jpeg,def_front,1,"(512, 512)",RGB,146.1816177368164,c59861355f061a9527b4dfbefafcf359
/content/casting_dataset/casting_512x512/casting_512x512/ok_front/cast_ok_0_1187.jpeg,ok_front,0,"(512, 512)",RGB,132.62057495117188,96d0330b9cf24e0df95055f63837e4fb
/content/casting_dataset/casting_512x512/casting_512x512/def_front/cast_def_0_1828.jpeg,def_front,1,"(512, 512)",RGB,150.8562469482422,d4d5963f219948734718122b8f35fddb
/content/casting_dataset/casting_512x512/casting_512x512/ok_front/cast_ok_0_9791.jpeg,ok_front,0,"(512, 512)",RGB,138.82562637329102,80d181504496866d6f75a83dc498345d
/content/casting_dataset/casting_512x512/casting_512x512/ok_front/cast_ok_0_6306.jpeg,ok_front,0,"(512, 512)",RGB,139.2083282470703,b03a219edbc027ab9c1b74fa062b7eba
/content/casting_dataset/casting_512x512/casting_512x512/def_front/cast_def_0_3617.jpeg,def_front,1,"(512, 512)",RGB,125.02166748046875,ab53780efb10373a6da8e7168690aeb1
/content/casting_dataset/casting_512x512/casting_512x512/ok_front/cast_ok_0_4930.jpeg,ok_front,0,"(512, 512)",RGB,145.77091217041016,2a987a731ace7ba707b1cb03f7a52c79
/content/casting_dataset/casting_512x512/casting_512x512/ok_front/cast_ok_0_8833.jpeg,ok_front,0,"(512, 512)",RGB,148.4230842590332,ca557a472ab933b1411d26adcf93bd36
/content/casting_dataset/casting_512x512/casting_512x512/def_front/cast_def_0_7142.jpeg,def_front,1,"(512, 512)",RGB,134.3553695678711,f56cdddcc7cb68754c8888bf7c19b362
/content/casting_dataset/casting_512x512/casting_512x512/def_front/cast_def_0_7039.jpeg,def_front,1,"(512, 512)",RGB,132.6705207824707,eb7c58c22b73224c9f49963c3abf3c09
/content/casting_dataset/casting_512x512/casting_512x512/ok_front/cast_ok_0_4503.jpeg,ok_front,0,"(512, 512)",RGB,147.12652587890625,73a81203e5206db1734e2d5186f81d70
/content/casting_dataset/casting_512x512/casting_512x512/ok_front/cast_ok_0_3465.jpeg,ok_front,0,"(512, 512)",RGB,167.86548233032227,2755928b86daa3596df1fa8c3d29e7e2
/content/casting_dataset/casting_512x512/casting_512x512/ok_front/cast_ok_0_6474.jpeg,ok_front,0,"(512, 512)",RGB,148.34396362304688,9d758f1fc24de56ebd6a8b873b8c3ca4
/content/casting_dataset/casting_512x512/casting_512x512/ok_front/cast_ok_0_9235.jpeg,ok_front,0,"(512, 512)",RGB,138.53214645385742,2a26ce98715e640e2bd26dcafbf3b1ac
/content/casting_dataset/casting_512x512/casting_512x512/ok_front/cast_ok_0_9393.jpeg,ok_front,0,"(512, 512)",RGB,169.19925689697266,ced9b3181bdd948e17d7e96f3916b25c
/content/casting_dataset/casting_512x512/casting_512x512/def_front/cast_def_0_9615.jpeg,def_front,1,"(512, 512)",RGB,138.28473663330078,932461f2c3cfbe7f84c50ae81751b5f7
/content/casting_dataset/casting_512x512/casting_512x512/ok_front/cast_ok_0_5379.jpeg,ok_front,0,"(512, 512)",RGB,156.60407257080078,49fcd8951e2589e4d7f432fbc99f384b
/content/casting_dataset/casting_512x512/casting_512x512/ok_front/cast_ok_0_265.jpeg,ok_front,0,"(512, 512)",RGB,133.38183975219727,6ea97cefc36f73b98ced692a800d4e22
/content/casting_dataset/casting_512x512/casting_512x512/def_front/cast_def_0_9872.jpeg,def_front,1,"(512, 512)",RGB,145.97502517700195,9a5b922fb5d09efedfb90d4eb7b6826b
/content/casting_dataset/casting_512x512/casting_512x512/def_front/cast_def_0_9098.jpeg,def_front,1,"(512, 512)",RGB,139.62967681884766,d77c60347775ca2dd0e3bd1e17a89bd2
/content/casting_dataset/casting_512x512/casting_512x512/ok_front/cast_ok_0_3596.jpeg,ok_front,0,"(512, 512)",RGB,142.16159057617188,e6151b245e249e98e08e71755489f023
/content/casting_dataset/casting_512x512/casting_512x512/ok_front/cast_ok_0_3820.jpeg,ok_front,0,"(512, 512)",RGB,153.4761848449707,f0973776096fb414aaa1107fbe952507
/content/casting_dataset/casting_512x512/casting_512x512/def_front/cast_def_0_3279.jpeg,def_front,1,"(512, 512)",RGB,136.19414138793945,d54f756a4bbe9588579784a09d534b02
/content/casting_dataset/casting_512x512/casting_512x512/ok_front/cast_ok_0_4862.jpeg,ok_front,0,"(512, 512)",RGB,149.2435417175293,7791fbb875fa3627b001414d3fe1dcb1
/content/casting_dataset/casting_512x512/casting_512x512/def_front/cast_def_0_8510.jpeg,def_front,1,"(512, 512)",RGB,140.01688766479492,19f8ab6e238484cdd1f5b2fa2fdb8110
/content/casting_dataset/casting_512x512/casting_512x512/def_front/cast_def_0_8408.jpeg,def_front,1,"(512, 512)",RGB,135.3417091369629,93a4b281af43239683faf4f89f5b9fb6
/content/casting_dataset/casting_512x512/casting_512x512/ok_front/cast_ok_0_9173.jpeg,ok_front,0,"(512, 512)",RGB,146.6625099182129,cce1cc8acd0961f091dccd7df94dbb25
/content/casting_dataset/casting_512x512/casting_512x512/def_front/cast_def_0_7326.jpeg,def_front,1,"(512, 512)",RGB,141.82976531982422,8ceef7714b64f0edb2be151f4d46cadf
/content/casting_dataset/casting_512x512/casting_512x512/def_front/cast_def_0_122.jpeg,def_front,1,"(512, 512)",RGB,145.10401916503906,c71652e62783ebfb249812265a62fbab
/content/casting_dataset/casting_512x512/casting_512x512/ok_front/cast_ok_0_1863.jpeg,ok_front,0,"(512, 512)",RGB,155.34640884399414,071d2e6afa33b1361d009ceba623e70e
/content/casting_dataset/casting_512x512/casting_512x512/def_front/cast_def_0_2485.jpeg,def_front,1,"(512, 512)",RGB,132.63860321044922,f6804c0cf806c456699f87feefa8d694
/content/casting_dataset/casting_512x512/casting_512x512/def_front/cast_def_0_3536.jpeg,def_front,1,"(512, 512)",RGB,134.9021110534668,c2796e495e3b68160ddad5ead0387e28
/content/casting_dataset/casting_512x512/casting_512x512/ok_front/cast_ok_0_638.jpeg,ok_front,0,"(512, 512)",RGB,135.69978713989258,63b7e935a09f88e097e4c0a790d45ab6
/content/casting_dataset/casting_512x512/casting_512x512/ok_front/cast_ok_0_4141.jpeg,ok_front,0,"(512, 512)",RGB,150.45780563354492,89cd83fe8a80f9a8395e015bac7ce1d9
/content/casting_dataset/casting_512x512/casting_512x512/ok_front/cast_ok_0_2100.jpeg,ok_front,0,"(512, 512)",RGB,156.9007453918457,e2d63181cecfab79b1ea6bdf00f5d2e8
/content/casting_dataset/casting_512x512/casting_512x512/def_front/cast_def_0_4360.jpeg,def_front,1,"(512, 512)",RGB,132.32415771484375,30e74d6703ce8786eb4267ef01153596
/content/casting_dataset/casting_512x512/casting_512x512/def_front/cast_def_0_6298.jpeg,def_front,1,"(512, 512)",RGB,144.85175704956055,9b9140b7d4cc505d33ba73a0a33b78e9
/content/casting_dataset/casting_512x512/casting_512x512/def_front/cast_def_0_6011.jpeg,def_front,1,"(512, 512)",RGB,151.18089294433594,6a7d5a3cea818303acdcb8f4df5fd843
/content/casting_dataset/casting_512x512/casting_512x512/def_front/cast_def_0_1860.jpeg,def_front,1,"(512, 512)",RGB,136.27761459350586,abce281546727b843d5aa210ae7acf2b
/content/casting_dataset/casting_512x512/casting_512x512/ok_front/cast_ok_0_4265.jpeg,ok_front,0,"(512, 512)",RGB,166.34223175048828,c54cfe09def52193e00bd1cb2652ceef
/content/casting_dataset/casting_512x512/casting_512x512/def_front/cast_def_0_9496.jpeg,def_front,1,"(512, 512)",RGB,148.85819625854492,fec444d1825a68d0396e7a7daeedb13f
/content/casting_dataset/casting_512x512/casting_512x512/ok_front/cast_ok_0_9120.jpeg,ok_front,0,"(512, 512)",RGB,155.79959106445312,0e79c35f4678d6b22f61042e69da6944
/content/casting_dataset/casting_512x512/casting_512x512/def_front/cast_def_0_4780.jpeg,def_front,1,"(512, 512)",RGB,132.23691940307617,4171b2739f6a28f43ce3372c30836e20
/content/casting_dataset/casting_512x512/casting_512x512/ok_front/cast_ok_0_5691.jpeg,ok_front,0,"(512, 512)",RGB,169.0649642944336,90f584e9397cb86661cfb4da438852a0
/content/casting_dataset/casting_512x512/casting_512x512/ok_front/cast_ok_0_7351.jpeg,ok_front,0,"(512, 512)",RGB,145.8209571838379,d79fe0da01b3e5776b8f48d365b4ae78
/content/casting_dataset/casting_512x512/casting_512x512/ok_front/cast_ok_0_6236.jpeg,ok_front,0,"(512, 512)",RGB,155.80706024169922,297a57b3771cc48bcfa90f301676fe2c
/content/casting_dataset/casting_512x512/casting_512x512/def_front/cast_def_0_3735.jpeg,def_front,1,"(512, 512)",RGB,136.80952072143555,ccb499f05d96fa8c1945d02ab7709357
/content/casting_dataset/casting_512x512/casting_512x512/ok_front/cast_ok_0_352.jpeg,ok_front,0,"(512, 512)",RGB,147.7834815979004,a47565a39bcd1982ffe87880044ef771
/content/casting_dataset/casting_512x512/casting_512x512/ok_front/cast_ok_0_4295.jpeg,ok_front,0,"(512, 512)",RGB,137.54875946044922,553ef39790824596a9f1fd1d5ab9cfa8
/content/casting_dataset/casting_512x512/casting_512x512/def_front/cast_def_0_6123.jpeg,def_front,1,"(512, 512)",RGB,133.6379165649414,02854046a21d6c0e7557167e2406d5e9
/content/casting_dataset/casting_512x512/casting_512x512/def_front/cast_def_0_1147.jpeg,def_front,1,"(512, 512)",RGB,147.24168014526367,15be415df36e5c44825f6493dc345488
/content/casting_dataset/casting_512x512/casting_512x512/def_front/cast_def_0_9640.jpeg,def_front,1,"(512, 512)",RGB,151.84852981567383,ca815228bb663a916d707d68ddfd8a7d
/content/casting_dataset/casting_512x512/casting_512x512/ok_front/cast_ok_0_5009.jpeg,ok_front,0,"(512, 512)",RGB,159.76476287841797,e0ffb00c21d75f4b2f07a0b4904c8514
/content/casting_dataset/casting_512x512/casting_512x512/ok_front/cast_ok_0_3498.jpeg,ok_front,0,"(512, 512)",RGB,158.25654983520508,f0d603fd5e01dfa6fb9cde687e1cd3fc
/content/casting_dataset/casting_512x512/casting_512x512/ok_front/cast_ok_0_6329.jpeg,ok_front,0,"(512, 512)",RGB,148.15005493164062,496d94494e0e26a7abc31828b6fa948a
/content/casting_dataset/casting_512x512/casting_512x512/def_front/cast_def_0_5339.jpeg,def_front,1,"(512, 512)",RGB,133.1984748840332,525d6304c66ff9ed04c93d0a71999828
/content/casting_dataset/casting_512x512/casting_512x512/def_front/cast_def_0_7847.jpeg,def_front,1,"(512, 512)",RGB,135.28041458129883,15076d371fd06c97f20d503e6ab68c9e
/content/casting_dataset/casting_512x512/casting_512x512/def_front/cast_def_0_7475.jpeg,def_front,1,"(512, 512)",RGB,135.26734161376953,91cca807e9b223e9d904efc49d020240
/content/casting_dataset/casting_512x512/casting_512x512/ok_front/cast_ok_0_2614.jpeg,ok_front,0,"(512, 512)",RGB,152.75177383422852,5b4330195cd12b5fdb748fc27f980bb3
/content/casting_dataset/casting_512x512/casting_512x512/def_front/cast_def_0_9980.jpeg,def_front,1,"(512, 512)",RGB,128.49974060058594,a10cead98503dae46953f2bda933b238
/content/casting_dataset/casting_512x512/casting_512x512/def_front/cast_def_0_6272.jpeg,def_front,1,"(512, 512)",RGB,143.50502395629883,0a44ef8c529716bc063677dab1c10f91
/content/casting_dataset/casting_512x512/casting_512x512/def_front/cast_def_0_8519.jpeg,def_front,1,"(512, 512)",RGB,153.3848876953125,526868dc721757c2b76604293f43b55c
/content/casting_dataset/casting_512x512/casting_512x512/def_front/cast_def_0_5573.jpeg,def_front,1,"(512, 512)",RGB,131.6521453857422,5bf4229d88b052c1599d538b730d9f77
/content/casting_dataset/casting_512x512/casting_512x512/ok_front/cast_ok_0_2695.jpeg,ok_front,0,"(512, 512)",RGB,163.67588806152344,cf1544f2835480d0ab1d8743ed69ca7d
/content/casting_dataset/casting_512x512/casting_512x512/ok_front/cast_ok_0_1074.jpeg,ok_front,0,"(512, 512)",RGB,142.7791519165039,d0f015b53aab919ecb91af84e27a57e1
/content/casting_dataset/casting_512x512/casting_512x512/def_front/cast_def_0_8756.jpeg,def_front,1,"(512, 512)",RGB,155.1352767944336,550ac2135d4aae9c00ffaeb75a702c61
/content/casting_dataset/casting_512x512/casting_512x512/ok_front/cast_ok_0_222.jpeg,ok_front,0,"(512, 512)",RGB,156.3575096130371,32635634c55c17eeae770b7af6e786d0
/content/casting_dataset/casting_512x512/casting_512x512/def_front/cast_def_0_7576.jpeg,def_front,1,"(512, 512)",RGB,148.44953155517578,c799c58f143156a25c5933434a277f51
/content/casting_dataset/casting_512x512/casting_512x512/def_front/cast_def_0_6564.jpeg,def_front,1,"(512, 512)",RGB,152.17984008789062,c09a57c97c651aa6ec93d1ae7b7d8868
/content/casting_dataset/casting_512x512/casting_512x512/def_front/cast_def_0_2161.jpeg,def_front,1,"(512, 512)",RGB,164.6579246520996,0ffbad05bdc6f30ac30cb2ec06d72a02
/content/casting_dataset/casting_512x512/casting_512x512/def_front/cast_def_0_9180.jpeg,def_front,1,"(512, 512)",RGB,139.2573471069336,8bf219f8ac9de27fa43a753d0f3a0429
/content/casting_dataset/casting_512x512/casting_512x512/def_front/cast_def_0_602.jpeg,def_front,1,"(512, 512)",RGB,126.41779327392578,b1cab2ba061724cf146578a4b7e9e798
/content/casting_dataset/casting_512x512/casting_512x512/ok_front/cast_ok_0_8088.jpeg,ok_front,0,"(512, 512)",RGB,156.36164093017578,4b050aeb1798e87547ba5149af73cd73
/content/casting_dataset/casting_512x512/casting_512x512/ok_front/cast_ok_0_5310.jpeg,ok_front,0,"(512, 512)",RGB,150.239501953125,03f38f163f672d73e1d5c4883ef89960
/content/casting_dataset/casting_512x512/casting_512x512/def_front/cast_def_0_7198.jpeg,def_front,1,"(512, 512)",RGB,133.9825782775879,3e7113b2c454d37a0c873f203d7f67f8
/content/casting_dataset/casting_512x512/casting_512x512/ok_front/cast_ok_0_4773.jpeg,ok_front,0,"(512, 512)",RGB,154.857177734375,5272690f5eedad26a949324afb60841b
/content/casting_dataset/casting_512x512/casting_512x512/ok_front/cast_ok_0_2816.jpeg,ok_front,0,"(512, 512)",RGB,163.75171661376953,7648b1145a4d0b876c83f77ec03ae6f6
/content/casting_dataset/casting_512x512/casting_512x512/def_front/cast_def_0_138.jpeg,def_front,1,"(512, 512)",RGB,122.58733367919922,48c0b8f4d971b0fde5556c8763a7876f
/content/casting_dataset/casting_512x512/casting_512x512/def_front/cast_def_0_2515.jpeg,def_front,1,"(512, 512)",RGB,130.14659118652344,409790ee5ee96e50ead5ce4d6007ad5a
/content/casting_dataset/casting_512x512/casting_512x512/def_front/cast_def_0_7837.jpeg,def_front,1,"(512, 512)",RGB,131.0933952331543,dc64e6bb2a165d883000a615f0e0279a
/content/casting_dataset/casting_512x512/casting_512x512/ok_front/cast_ok_0_9135.jpeg,ok_front,0,"(512, 512)",RGB,134.26123428344727,d88c7fdd076d00ed0ab6e29361dbe6dc
/content/casting_dataset/casting_512x512/casting_512x512/ok_front/cast_ok_0_4223.jpeg,ok_front,0,"(512, 512)",RGB,141.91365432739258,bd4694eecc764e8cdb0f11198959a06c
/content/casting_dataset/casting_512x512/casting_512x512/ok_front/cast_ok_0_2643.jpeg,ok_front,0,"(512, 512)",RGB,162.2006607055664,0b97c245ada8838bbde165edac1fd1b5
/content/casting_dataset/casting_512x512/casting_512x512/ok_front/cast_ok_0_2738.jpeg,ok_front,0,"(512, 512)",RGB,152.42063903808594,097987ad66cf4bdbebf1d6b0fe119faa
/content/casting_dataset/casting_512x512/casting_512x512/def_front/cast_def_0_7396.jpeg,def_front,1,"(512, 512)",RGB,135.7309455871582,39267afb9ecd717b8fbc27d28761a53b
/content/casting_dataset/casting_512x512/casting_512x512/def_front/cast_def_0_3741.jpeg,def_front,1,"(512, 512)",RGB,126.3651123046875,0f6354ba0c3bb40c9ab88aa81c214c48
/content/casting_dataset/casting_512x512/casting_512x512/ok_front/cast_ok_0_9201.jpeg,ok_front,0,"(512, 512)",RGB,151.31589889526367,18505860853f1b669a67f703051e1186
/content/casting_dataset/casting_512x512/casting_512x512/def_front/cast_def_0_4129.jpeg,def_front,1,"(512, 512)",RGB,134.94937896728516,3b21506444176c001bb0208b29670ec5
/content/casting_dataset/casting_512x512/casting_512x512/def_front/cast_def_0_4801.jpeg,def_front,1,"(512, 512)",RGB,132.4539909362793,f18e3e3d9511ffad279b3d6c1771cecb
/content/casting_dataset/casting_512x512/casting_512x512/def_front/cast_def_0_4379.jpeg,def_front,1,"(512, 512)",RGB,137.84568786621094,355129a82d0ca347c1952748a5147e36
/content/casting_dataset/casting_512x512/casting_512x512/def_front/cast_def_0_146.jpeg,def_front,1,"(512, 512)",RGB,124.35326385498047,884872657feac6a2744616f83e3ecff2
/content/casting_dataset/casting_512x512/casting_512x512/ok_front/cast_ok_0_8745.jpeg,ok_front,0,"(512, 512)",RGB,165.34544372558594,7d61becb26a5a6c52160a02c11b395eb
/content/casting_dataset/casting_512x512/casting_512x512/def_front/cast_def_0_6173.jpeg,def_front,1,"(512, 512)",RGB,143.0363006591797,f515ea7931353ad700dfc22772cde671
/content/casting_dataset/casting_512x512/casting_512x512/ok_front/cast_ok_0_3869.jpeg,ok_front,0,"(512, 512)",RGB,155.05469131469727,d999864fc621467d113242c7a3a52e84
/content/casting_dataset/casting_512x512/casting_512x512/def_front/cast_def_0_7596.jpeg,def_front,1,"(512, 512)",RGB,120.82186889648438,630355fbad08b65f27882662fad860e5
/content/casting_dataset/casting_512x512/casting_512x512/ok_front/cast_ok_0_6741.jpeg,ok_front,0,"(512, 512)",RGB,150.90023040771484,9f536bde3a3aed698ebf92c4c88cd090
/content/casting_dataset/casting_512x512/casting_512x512/ok_front/cast_ok_0_4823.jpeg,ok_front,0,"(512, 512)",RGB,144.75352096557617,bfa9276be53822cbd8a1820a31f8c845
/content/casting_dataset/casting_512x512/casting_512x512/def_front/cast_def_0_5273.jpeg,def_front,1,"(512, 512)",RGB,148.47705459594727,794eca67cd68170940c006d269526002
/content/casting_dataset/casting_512x512/casting_512x512/def_front/cast_def_0_9480.jpeg,def_front,1,"(512, 512)",RGB,133.5255126953125,3597953dc2a47d9cc65f062ccaba0e39
/content/casting_dataset/casting_512x512/casting_512x512/ok_front/cast_ok_0_8540.jpeg,ok_front,0,"(512, 512)",RGB,145.28912353515625,8e014a0937e492cfc718d923f96cd66b
/content/casting_dataset/casting_512x512/casting_512x512/def_front/cast_def_0_724.jpeg,def_front,1,"(512, 512)",RGB,146.46606063842773,1a7633ae5dd4f1c9d6ef24b5a59d86ab
/content/casting_dataset/casting_512x512/casting_512x512/def_front/cast_def_0_6777.jpeg,def_front,1,"(512, 512)",RGB,134.66987228393555,2f89ee7d9ac7c7117585f6287bb8565f
/content/casting_dataset/casting_512x512/casting_512x512/def_front/cast_def_0_2251.jpeg,def_front,1,"(512, 512)",RGB,129.31981658935547,9e65c214fdb568deb67e9863111461b0
/content/casting_dataset/casting_512x512/casting_512x512/def_front/cast_def_0_6955.jpeg,def_front,1,"(512, 512)",RGB,134.5209197998047,e084ed6cd640aeac3ec395300cb3e4d5
/content/casting_dataset/casting_512x512/casting_512x512/ok_front/cast_ok_0_1362.jpeg,ok_front,0,"(512, 512)",RGB,145.72351837158203,46a03824b9284c13a9c88d25d0624a66
/content/casting_dataset/casting_512x512/casting_512x512/ok_front/cast_ok_0_1207.jpeg,ok_front,0,"(512, 512)",RGB,162.66978073120117,96c3811699e9aafd2b0596557d1b05af
/content/casting_dataset/casting_512x512/casting_512x512/def_front/cast_def_0_2057.jpeg,def_front,1,"(512, 512)",RGB,135.29637908935547,63215f6c9c6158c058f144f7555d33aa
/content/casting_dataset/casting_512x512/casting_512x512/def_front/cast_def_0_5214.jpeg,def_front,1,"(512, 512)",RGB,134.17738723754883,77a3de4a7756375958bf4146e0909274
/content/casting_dataset/casting_512x512/casting_512x512/ok_front/cast_ok_0_9367.jpeg,ok_front,0,"(512, 512)",RGB,153.50384140014648,60fff826aa6be3253bbc596678b94007
/content/casting_dataset/casting_512x512/casting_512x512/def_front/cast_def_0_1046.jpeg,def_front,1,"(512, 512)",RGB,133.56935119628906,450045ad7f5bcc306135c52e975d5f12
/content/casting_dataset/casting_512x512/casting_512x512/ok_front/cast_ok_0_4691.jpeg,ok_front,0,"(512, 512)",RGB,156.36697387695312,1f72b9cedc5a6883e6c6cd42381dedc7
/content/casting_dataset/casting_512x512/casting_512x512/ok_front/cast_ok_0_4972.jpeg,ok_front,0,"(512, 512)",RGB,135.32440948486328,72c1f2bc52ada945df615889f7dc7ed5
/content/casting_dataset/casting_512x512/casting_512x512/def_front/cast_def_0_3480.jpeg,def_front,1,"(512, 512)",RGB,127.2620620727539,e2b34bf9e8f94bb6d6d738d3dfdb740d
/content/casting_dataset/casting_512x512/casting_512x512/def_front/cast_def_0_3396.jpeg,def_front,1,"(512, 512)",RGB,134.96138381958008,b8c3e9b94b9b8b2680c5a9b8c92cf5e2
/content/casting_dataset/casting_512x512/casting_512x512/def_front/cast_def_0_3148.jpeg,def_front,1,"(512, 512)",RGB,144.1264419555664,2723c760108726af0eb156f7b8b42ccf
/content/casting_dataset/casting_512x512/casting_512x512/def_front/cast_def_0_5187.jpeg,def_front,1,"(512, 512)",RGB,146.34620666503906,6751ea8756816f7c780d04b23895ca7b
/content/casting_dataset/casting_512x512/casting_512x512/def_front/cast_def_0_1831.jpeg,def_front,1,"(512, 512)",RGB,147.6090850830078,1534d6a0bfe3baf3c536d357a7153711
/content/casting_dataset/casting_512x512/casting_512x512/ok_front/cast_ok_0_4010.jpeg,ok_front,0,"(512, 512)",RGB,159.90006256103516,9a890602d886c29e5c479fe1263420a2
/content/casting_dataset/casting_512x512/casting_512x512/ok_front/cast_ok_0_6079.jpeg,ok_front,0,"(512, 512)",RGB,149.20224380493164,ecf01ac29b74db6df0e817e6aae58707
/content/casting_dataset/casting_512x512/casting_512x512/ok_front/cast_ok_0_2525.jpeg,ok_front,0,"(512, 512)",RGB,164.98387908935547,4b8ee57a4bf2fb57efca63a76ccc2a78
/content/casting_dataset/casting_512x512/casting_512x512/ok_front/cast_ok_0_2083.jpeg,ok_front,0,"(512, 512)",RGB,146.8272476196289,05c58ce4bb665d4da30946e926030142
/content/casting_dataset/casting_512x512/casting_512x512/ok_front/cast_ok_0_1644.jpeg,ok_front,0,"(512, 512)",RGB,132.65908813476562,2f11e097d1ccc1d107537ae5d6646d2f
/content/casting_dataset/casting_512x512/casting_512x512/ok_front/cast_ok_0_9193.jpeg,ok_front,0,"(512, 512)",RGB,145.96659469604492,26e6c9c90b8aabb433265f254b21f636
/content/casting_dataset/casting_512x512/casting_512x512/def_front/cast_def_0_8467.jpeg,def_front,1,"(512, 512)",RGB,145.59880828857422,1cbcff5f7d6c33bb4b312ef7eed5fcbc
/content/casting_dataset/casting_512x512/casting_512x512/ok_front/cast_ok_0_623.jpeg,ok_front,0,"(512, 512)",RGB,151.039794921875,83ff4dbac5a64150ce16f4ec6e100233
/content/casting_dataset/casting_512x512/casting_512x512/def_front/cast_def_0_5362.jpeg,def_front,1,"(512, 512)",RGB,137.97814178466797,8da53576985924845334c2d5333cef9c
/content/casting_dataset/casting_512x512/casting_512x512/def_front/cast_def_0_8789.jpeg,def_front,1,"(512, 512)",RGB,134.75281524658203,d94948cf0a48dd70f50c19c736af8389
/content/casting_dataset/casting_512x512/casting_512x512/ok_front/cast_ok_0_9191.jpeg,ok_front,0,"(512, 512)",RGB,161.97846603393555,8c190d5f32ce4a409c9f2a9d30b7e202
/content/casting_dataset/casting_512x512/casting_512x512/ok_front/cast_ok_0_981.jpeg,ok_front,0,"(512, 512)",RGB,129.37181854248047,ba5a0f122cd8d9c25a6e6b6dd929e90e
/content/casting_dataset/casting_512x512/casting_512x512/def_front/cast_def_0_4171.jpeg,def_front,1,"(512, 512)",RGB,135.52274703979492,67301f81a36b265a88ff63ff1b3d4c6c
/content/casting_dataset/casting_512x512/casting_512x512/ok_front/cast_ok_0_1665.jpeg,ok_front,0,"(512, 512)",RGB,155.33183670043945,1f783e637d5d28a177ec68c7775eac42
/content/casting_dataset/casting_512x512/casting_512x512/ok_front/cast_ok_0_9341.jpeg,ok_front,0,"(512, 512)",RGB,151.47125244140625,5c4182e161875ed0332861664ac33aa9
/content/casting_dataset/casting_512x512/casting_512x512/def_front/cast_def_0_9227.jpeg,def_front,1,"(512, 512)",RGB,132.58074569702148,813320900ed2ed84cd0dfb63db5400a1
/content/casting_dataset/casting_512x512/casting_512x512/def_front/cast_def_0_1589.jpeg,def_front,1,"(512, 512)",RGB,144.4953384399414,d4e0778b5d5e5fc0d793b016283c632e
/content/casting_dataset/casting_512x512/casting_512x512/ok_front/cast_ok_0_9732.jpeg,ok_front,0,"(512, 512)",RGB,138.02725219726562,ea66f48e6662d797fc3743e7d8b94556
/content/casting_dataset/casting_512x512/casting_512x512/ok_front/cast_ok_0_1604.jpeg,ok_front,0,"(512, 512)",RGB,136.2697868347168,fefbba9d5a23b067d7a346984f61d229
/content/casting_dataset/casting_512x512/casting_512x512/def_front/cast_def_0_9755.jpeg,def_front,1,"(512, 512)",RGB,155.88770294189453,bfc442902429d55f5c02bfdca4f7a9e7
/content/casting_dataset/casting_512x512/casting_512x512/def_front/cast_def_0_1443.jpeg,def_front,1,"(512, 512)",RGB,131.72825241088867,811197da717f4e3aafe259ab93a06cb6
/content/casting_dataset/casting_512x512/casting_512x512/ok_front/cast_ok_0_1155.jpeg,ok_front,0,"(512, 512)",RGB,158.00142288208008,e3306539b6593915de9506bc730b9bf7
/content/casting_dataset/casting_512x512/casting_512x512/def_front/cast_def_0_5004.jpeg,def_front,1,"(512, 512)",RGB,141.95755767822266,ff1ed3c022fba29465e1268ada4edecf
/content/casting_dataset/casting_512x512/casting_512x512/def_front/cast_def_0_177.jpeg,def_front,1,"(512, 512)",RGB,147.36314392089844,62f1f1ba25560c8dfa0a7aefb603aaee
/content/casting_dataset/casting_512x512/casting_512x512/def_front/cast_def_0_1188.jpeg,def_front,1,"(512, 512)",RGB,137.8111572265625,804c2e8cee48e2e57e0a5b83a84511c7
/content/casting_dataset/casting_512x512/casting_512x512/def_front/cast_def_0_8587.jpeg,def_front,1,"(512, 512)",RGB,137.89617538452148,cefda4814307b52b2e9a217c58ee0230
/content/casting_dataset/casting_512x512/casting_512x512/def_front/cast_def_0_1658.jpeg,def_front,1,"(512, 512)",RGB,141.5312271118164,3f1544626b169882e80c8bf3895cbaf3
/content/casting_dataset/casting_512x512/casting_512x512/ok_front/cast_ok_0_5573.jpeg,ok_front,0,"(512, 512)",RGB,148.44619750976562,eb81d5e6a9f51f239278329aabcde0b1
/content/casting_dataset/casting_512x512/casting_512x512/def_front/cast_def_0_2745.jpeg,def_front,1,"(512, 512)",RGB,136.64545440673828,9158015c69fd171f400dd2e93e52bfd9
/content/casting_dataset/casting_512x512/casting_512x512/def_front/cast_def_0_3223.jpeg,def_front,1,"(512, 512)",RGB,139.66160583496094,22ebbc2be11cbca53db6e44690ea8d79
/content/casting_dataset/casting_512x512/casting_512x512/def_front/cast_def_0_3431.jpeg,def_front,1,"(512, 512)",RGB,137.68720626831055,16db45b18f3f76da67d4fd807086a94e
/content/casting_dataset/casting_512x512/casting_512x512/ok_front/cast_ok_0_8691.jpeg,ok_front,0,"(512, 512)",RGB,154.97505950927734,c0be11882d93b2b50a0602b856730b4a
/content/casting_dataset/casting_512x512/casting_512x512/def_front/cast_def_0_8434.jpeg,def_front,1,"(512, 512)",RGB,137.00403213500977,f80eb22acbfa6185ca6f13ebe7d15b91
/content/casting_dataset/casting_512x512/casting_512x512/ok_front/cast_ok_0_3025.jpeg,ok_front,0,"(512, 512)",RGB,134.0955047607422,f5ce8a7758bfb237804ea8c05005721a
/content/casting_dataset/casting_512x512/casting_512x512/ok_front/cast_ok_0_4562.jpeg,ok_front,0,"(512, 512)",RGB,143.2602195739746,233c2225c2fbc67847a76c2ca904b920
/content/casting_dataset/casting_512x512/casting_512x512/def_front/cast_def_0_311.jpeg,def_front,1,"(512, 512)",RGB,152.24911880493164,731e1fe76f27f02ae12faff9568ec38d
/content/casting_dataset/casting_512x512/casting_512x512/def_front/cast_def_0_4865.jpeg,def_front,1,"(512, 512)",RGB,161.98042678833008,e24b23618142e6e2d03eaaad7cb83cce
/content/casting_dataset/casting_512x512/casting_512x512/def_front/cast_def_0_94.jpeg,def_front,1,"(512, 512)",RGB,147.28762435913086,9a57bab2197ebb797b010f4a9ab0bb52
/content/casting_dataset/casting_512x512/casting_512x512/def_front/cast_def_0_9817.jpeg,def_front,1,"(512, 512)",RGB,141.03039169311523,74fea27fad4be8912db75d1a8c8e52ab
/content/casting_dataset/casting_512x512/casting_512x512/def_front/cast_def_0_4932.jpeg,def_front,1,"(512, 512)",RGB,134.81401824951172,ad0eb62377a4f225ae4e024679a4c206
/content/casting_dataset/casting_512x512/casting_512x512/def_front/cast_def_0_5093.jpeg,def_front,1,"(512, 512)",RGB,135.18460083007812,d0a1ac8dbacb436f6477f8d6ee74f892
/content/casting_dataset/casting_512x512/casting_512x512/def_front/cast_def_0_556.jpeg,def_front,1,"(512, 512)",RGB,139.4317512512207,e7eb248089881f92c03944f099bd4c76
/content/casting_dataset/casting_512x512/casting_512x512/ok_front/cast_ok_0_9990.jpeg,ok_front,0,"(512, 512)",RGB,159.4747657775879,e456e81b610f395141f18f2fbb9a5017
/content/casting_dataset/casting_512x512/casting_512x512/def_front/cast_def_0_1192.jpeg,def_front,1,"(512, 512)",RGB,128.89037322998047,90eb4d1d7383cae0f2c9a4324946f587
/content/casting_dataset/casting_512x512/casting_512x512/ok_front/cast_ok_0_1634.jpeg,ok_front,0,"(512, 512)",RGB,151.86355590820312,637dd2f44d9116beceb3a6d9b53a0a53
/content/casting_dataset/casting_512x512/casting_512x512/def_front/cast_def_0_9540.jpeg,def_front,1,"(512, 512)",RGB,157.3620948791504,9e591d3d4099b3f3f516e57fb3131d04
/content/casting_dataset/casting_512x512/casting_512x512/ok_front/cast_ok_0_4432.jpeg,ok_front,0,"(512, 512)",RGB,144.62926483154297,13ee3bf409b5eba448290e5173b4fe59
/content/casting_dataset/casting_512x512/casting_512x512/def_front/cast_def_0_169.jpeg,def_front,1,"(512, 512)",RGB,139.82100677490234,0ce0430c6eb8561befcb3f7e7ce5350a
/content/casting_dataset/casting_512x512/casting_512x512/def_front/cast_def_0_9454.jpeg,def_front,1,"(512, 512)",RGB,137.5161018371582,bfc3439464b5b78657f5a3b46fd7181b
/content/casting_dataset/casting_512x512/casting_512x512/ok_front/cast_ok_0_4405.jpeg,ok_front,0,"(512, 512)",RGB,154.7582244873047,3839e1a397606c177923d802cd1950cc
/content/casting_dataset/casting_512x512/casting_512x512/def_front/cast_def_0_2640.jpeg,def_front,1,"(512, 512)",RGB,127.17601013183594,f5143b95d3db64e2f7cf262a347b9066
/content/casting_dataset/casting_512x512/casting_512x512/def_front/cast_def_0_7636.jpeg,def_front,1,"(512, 512)",RGB,129.66957092285156,11bbc45abaaf582129e4d8d6591367ca
/content/casting_dataset/casting_512x512/casting_512x512/ok_front/cast_ok_0_583.jpeg,ok_front,0,"(512, 512)",RGB,154.12364959716797,d00b83cca98e3980c4dae629964ed905
/content/casting_dataset/casting_512x512/casting_512x512/ok_front/cast_ok_0_8438.jpeg,ok_front,0,"(512, 512)",RGB,162.69663619995117,c1537a4d2f2cbe354167d9a1814abb08
/content/casting_dataset/casting_512x512/casting_512x512/def_front/cast_def_0_7381.jpeg,def_front,1,"(512, 512)",RGB,131.90252304077148,b415821b860c83fe6213dd59eb79e721
/content/casting_dataset/casting_512x512/casting_512x512/def_front/cast_def_0_8675.jpeg,def_front,1,"(512, 512)",RGB,163.90260314941406,26fa2cb0db45e6d1dc4b41db03a754fe
/content/casting_dataset/casting_512x512/casting_512x512/def_front/cast_def_0_8045.jpeg,def_front,1,"(512, 512)",RGB,135.3941192626953,f9a939573907fe542699c1346c8a4d09
/content/casting_dataset/casting_512x512/casting_512x512/def_front/cast_def_0_4229.jpeg,def_front,1,"(512, 512)",RGB,137.68482971191406,a81cb912a9e333a48ddacf53fe67cec3
/content/casting_dataset/casting_512x512/casting_512x512/ok_front/cast_ok_0_7411.jpeg,ok_front,0,"(512, 512)",RGB,153.53924179077148,10c19116e23d41899a0f5049ff2cdd12
/content/casting_dataset/casting_512x512/casting_512x512/ok_front/cast_ok_0_8425.jpeg,ok_front,0,"(512, 512)",RGB,147.55020904541016,7c5e9cf3ec35330c8d7b3cc669eb9e44
/content/casting_dataset/casting_512x512/casting_512x512/def_front/cast_def_0_114.jpeg,def_front,1,"(512, 512)",RGB,142.63880157470703,8cdd06ca3c00e489434954dd23e93920
/content/casting_dataset/casting_512x512/casting_512x512/ok_front/cast_ok_0_373.jpeg,ok_front,0,"(512, 512)",RGB,143.41151428222656,10502d5528f1897792e3bd9b853608cf
/content/casting_dataset/casting_512x512/casting_512x512/ok_front/cast_ok_0_3916.jpeg,ok_front,0,"(512, 512)",RGB,145.66012573242188,78457eb2e2789cfe188bfd7b0fe352c5
/content/casting_dataset/casting_512x512/casting_512x512/ok_front/cast_ok_0_4437.jpeg,ok_front,0,"(512, 512)",RGB,135.6018180847168,c06c148709c24e016b724c98effc22cb
/content/casting_dataset/casting_512x512/casting_512x512/def_front/cast_def_0_3631.jpeg,def_front,1,"(512, 512)",RGB,138.25398635864258,2bfb0cf3158775b3051fd209abf95451
/content/casting_dataset/casting_512x512/casting_512x512/def_front/cast_def_0_8720.jpeg,def_front,1,"(512, 512)",RGB,135.63264083862305,1b64cdd32b45f7f3ef2576d3e93f8f86
/content/casting_dataset/casting_512x512/casting_512x512/def_front/cast_def_0_1679.jpeg,def_front,1,"(512, 512)",RGB,136.18474960327148,c8a6bb39c833dee03da631e9da97cead
/content/casting_dataset/casting_512x512/casting_512x512/def_front/cast_def_0_8405.jpeg,def_front,1,"(512, 512)",RGB,140.01809310913086,ded558665d0757d12f4e914990ddc474
/content/casting_dataset/casting_512x512/casting_512x512/ok_front/cast_ok_0_6160.jpeg,ok_front,0,"(512, 512)",RGB,156.33355331420898,91e88e395b98827fb38019f85faad021
/content/casting_dataset/casting_512x512/casting_512x512/def_front/cast_def_0_2437.jpeg,def_front,1,"(512, 512)",RGB,140.97346878051758,9f0ea6e34cf5d6b7c66943d9d94efffe
/content/casting_dataset/casting_512x512/casting_512x512/def_front/cast_def_0_4651.jpeg,def_front,1,"(512, 512)",RGB,136.3020248413086,6c7f0333f790e58fc5e20e8fdbbb583d
/content/casting_dataset/casting_512x512/casting_512x512/def_front/cast_def_0_7086.jpeg,def_front,1,"(512, 512)",RGB,150.97198486328125,8e3430ab44d11c37a0bc6760f533e48c
/content/casting_dataset/casting_512x512/casting_512x512/def_front/cast_def_0_7394.jpeg,def_front,1,"(512, 512)",RGB,145.75663375854492,388f0cf945351910cabb4208c3f8bd2e
/content/casting_dataset/casting_512x512/casting_512x512/def_front/cast_def_0_1694.jpeg,def_front,1,"(512, 512)",RGB,135.8133316040039,498a83f415acea482b13087a0d7fc8eb
/content/casting_dataset/casting_512x512/casting_512x512/def_front/cast_def_0_5119.jpeg,def_front,1,"(512, 512)",RGB,132.03224563598633,92293c32d14a9e639c709370a83adb7d
/content/casting_dataset/casting_512x512/casting_512x512/def_front/cast_def_0_6369.jpeg,def_front,1,"(512, 512)",RGB,131.4766731262207,8a68bb0f530c466ff8b1b4fb7d2836c6
/content/casting_dataset/casting_512x512/casting_512x512/def_front/cast_def_0_7553.jpeg,def_front,1,"(512, 512)",RGB,140.5571517944336,515f4c4616afe36a291db7f8a567b61c
/content/casting_dataset/casting_512x512/casting_512x512/ok_front/cast_ok_0_9239.jpeg,ok_front,0,"(512, 512)",RGB,139.3537712097168,fcef5e6f8ccf9242975802e9d7bad27d
/content/casting_dataset/casting_512x512/casting_512x512/ok_front/cast_ok_0_8751.jpeg,ok_front,0,"(512, 512)",RGB,162.71073150634766,d4da9ef53072afbe3870300589bf016d
/content/casting_dataset/casting_512x512/casting_512x512/def_front/cast_def_0_7483.jpeg,def_front,1,"(512, 512)",RGB,145.5533103942871,cdcb1b6db0aad8cee77b93c4755f1745
/content/casting_dataset/casting_512x512/casting_512x512/def_front/cast_def_0_7230.jpeg,def_front,1,"(512, 512)",RGB,137.26392364501953,521a1b9e77d6ac5fd83b77971bcd6233
/content/casting_dataset/casting_512x512/casting_512x512/def_front/cast_def_0_33.jpeg,def_front,1,"(512, 512)",RGB,124.6986083984375,d51e6fe3e06f8db0d28c7de63c75c78c
/content/casting_dataset/casting_512x512/casting_512x512/ok_front/cast_ok_0_8208.jpeg,ok_front,0,"(512, 512)",RGB,138.44570922851562,af6ab736dfe3485ab33ce39c9d342cdb
/content/casting_dataset/casting_512x512/casting_512x512/ok_front/cast_ok_0_2005.jpeg,ok_front,0,"(512, 512)",RGB,132.98519897460938,4f6b7fa840b9f1903b96e8e36fa0afc4
/content/casting_dataset/casting_512x512/casting_512x512/ok_front/cast_ok_0_9591.jpeg,ok_front,0,"(512, 512)",RGB,140.19153213500977,ea0520aab3788de4172efb4d6953b0e7
/content/casting_dataset/casting_512x512/casting_512x512/def_front/cast_def_0_4501.jpeg,def_front,1,"(512, 512)",RGB,135.98258590698242,46e8543b4a0d3315ef1fa65ae4ebd58c
/content/casting_dataset/casting_512x512/casting_512x512/def_front/cast_def_0_7937.jpeg,def_front,1,"(512, 512)",RGB,143.24481964111328,7bd5ef1f40d4662566b42c69f9fe297d
/content/casting_dataset/casting_512x512/casting_512x512/ok_front/cast_ok_0_3136.jpeg,ok_front,0,"(512, 512)",RGB,165.3351821899414,b6012a860b297a623dd1df4720dcb0f5
/content/casting_dataset/casting_512x512/casting_512x512/ok_front/cast_ok_0_7240.jpeg,ok_front,0,"(512, 512)",RGB,150.6601676940918,c9a2e81e12a1c25fc26359c4226bda0f
/content/casting_dataset/casting_512x512/casting_512x512/ok_front/cast_ok_0_5812.jpeg,ok_front,0,"(512, 512)",RGB,134.11066055297852,3fe7c64896f799971c343d50660e0d31
/content/casting_dataset/casting_512x512/casting_512x512/def_front/cast_def_0_8948.jpeg,def_front,1,"(512, 512)",RGB,135.42410278320312,a3578a2ab761dd30e5f32020d5dc10e8
/content/casting_dataset/casting_512x512/casting_512x512/def_front/cast_def_0_240.jpeg,def_front,1,"(512, 512)",RGB,138.1047592163086,c0ffb508fce3cc0d92aa85d78c1e507d
/content/casting_dataset/casting_512x512/casting_512x512/ok_front/cast_ok_0_4958.jpeg,ok_front,0,"(512, 512)",RGB,123.5197868347168,ca3c9440c2ee7a31f911d5a13b2c552f
/content/casting_dataset/casting_512x512/casting_512x512/ok_front/cast_ok_0_7419.jpeg,ok_front,0,"(512, 512)",RGB,142.87067794799805,f94efd4a90d2ee97b1322b8e29d44a68
/content/casting_dataset/casting_512x512/casting_512x512/def_front/cast_def_0_3978.jpeg,def_front,1,"(512, 512)",RGB,153.01285934448242,eb298542225e54add6856d187cd0f353
/content/casting_dataset/casting_512x512/casting_512x512/ok_front/cast_ok_0_5818.jpeg,ok_front,0,"(512, 512)",RGB,157.56401443481445,7267c1efb3f700cee07a238327ec8496
/content/casting_dataset/casting_512x512/casting_512x512/def_front/cast_def_0_6476.jpeg,def_front,1,"(512, 512)",RGB,137.15292739868164,cd07ba12279deed30c5360aeedcc9a3f
/content/casting_dataset/casting_512x512/casting_512x512/def_front/cast_def_0_5006.jpeg,def_front,1,"(512, 512)",RGB,139.65365600585938,7ad9a5620e1d44d720e64ca5914fd316
/content/casting_dataset/casting_512x512/casting_512x512/def_front/cast_def_0_1015.jpeg,def_front,1,"(512, 512)",RGB,132.42072296142578,cf2d01c2a36226da96b38ebf05f92d4c
/content/casting_dataset/casting_512x512/casting_512x512/def_front/cast_def_0_7664.jpeg,def_front,1,"(512, 512)",RGB,136.76483154296875,50e266b0bf81379a7857eaa3f222f418
/content/casting_dataset/casting_512x512/casting_512x512/def_front/cast_def_0_2834.jpeg,def_front,1,"(512, 512)",RGB,161.28445434570312,493cee4e121e031f2518af85a0b8aabe
/content/casting_dataset/casting_512x512/casting_512x512/ok_front/cast_ok_0_6119.jpeg,ok_front,0,"(512, 512)",RGB,133.99703216552734,7005dfd54491157b7ed55c2fa97a8f96
/content/casting_dataset/casting_512x512/casting_512x512/ok_front/cast_ok_0_2992.jpeg,ok_front,0,"(512, 512)",RGB,156.43732833862305,5aa27adf098245e3428173bc20d98817
/content/casting_dataset/casting_512x512/casting_512x512/def_front/cast_def_0_9188.jpeg,def_front,1,"(512, 512)",RGB,130.15171432495117,771b4ae074bf01760f21b594e387f0e2
/content/casting_dataset/casting_512x512/casting_512x512/ok_front/cast_ok_0_6332.jpeg,ok_front,0,"(512, 512)",RGB,145.18537521362305,292c0d3818f9d626bf3a6bb0260b2886
/content/casting_dataset/casting_512x512/casting_512x512/ok_front/cast_ok_0_1568.jpeg,ok_front,0,"(512, 512)",RGB,145.39963150024414,cd9bf6ee8df6b43e079800ae174f174e
/content/casting_dataset/casting_512x512/casting_512x512/def_front/cast_def_0_2900.jpeg,def_front,1,"(512, 512)",RGB,133.90749740600586,74462345ccba6c0a514b884c748bd25e
/content/casting_dataset/casting_512x512/casting_512x512/def_front/cast_def_0_1998.jpeg,def_front,1,"(512, 512)",RGB,135.75213241577148,1c5098fe8f39314c854561e16f80b1c5
/content/casting_dataset/casting_512x512/casting_512x512/def_front/cast_def_0_9857.jpeg,def_front,1,"(512, 512)",RGB,152.95555877685547,e9ed5696daaf0416845a11b7f37cf55f
/content/casting_dataset/casting_512x512/casting_512x512/ok_front/cast_ok_0_304.jpeg,ok_front,0,"(512, 512)",RGB,138.20341110229492,978c24f3fea7c585273ace7b2e9ba3eb
/content/casting_dataset/casting_512x512/casting_512x512/def_front/cast_def_0_430.jpeg,def_front,1,"(512, 512)",RGB,133.0454330444336,932c5782523262a36903cc2acce70744
/content/casting_dataset/casting_512x512/casting_512x512/def_front/cast_def_0_9498.jpeg,def_front,1,"(512, 512)",RGB,136.3712272644043,9eb4b16fdae6bbd90d4a984eb4e0ab7b
/content/casting_dataset/casting_512x512/casting_512x512/def_front/cast_def_0_7792.jpeg,def_front,1,"(512, 512)",RGB,153.5190544128418,720bc6e04ac89265c9bb768e29d68ce1
/content/casting_dataset/casting_512x512/casting_512x512/def_front/cast_def_0_5142.jpeg,def_front,1,"(512, 512)",RGB,127.67829132080078,98ec7d1f8ab9b9b3b21c0aa92c317388
/content/casting_dataset/casting_512x512/casting_512x512/def_front/cast_def_0_1350.jpeg,def_front,1,"(512, 512)",RGB,137.34154891967773,7f9fa3d62c9f81f11a99cb0e26c96928
/content/casting_dataset/casting_512x512/casting_512x512/def_front/cast_def_0_9379.jpeg,def_front,1,"(512, 512)",RGB,135.72167205810547,fda1a9b501fd013c8e20f407a08dd7dc
/content/casting_dataset/casting_512x512/casting_512x512/def_front/cast_def_0_7496.jpeg,def_front,1,"(512, 512)",RGB,129.07144927978516,5c8259f78dba5d964fbe23286a211cb1
/content/casting_dataset/casting_512x512/casting_512x512/def_front/cast_def_0_9613.jpeg,def_front,1,"(512, 512)",RGB,137.84835052490234,94f971f059850d1f528d60bca754bd6d
/content/casting_dataset/casting_512x512/casting_512x512/def_front/cast_def_0_6867.jpeg,def_front,1,"(512, 512)",RGB,152.76861190795898,60d15ecc03dc0fb0fb83a8ae38ad8980
/content/casting_dataset/casting_512x512/casting_512x512/ok_front/cast_ok_0_6705.jpeg,ok_front,0,"(512, 512)",RGB,153.8259506225586,3fb5010093af99fc8ecc629adce70cf5
/content/casting_dataset/casting_512x512/casting_512x512/ok_front/cast_ok_0_4742.jpeg,ok_front,0,"(512, 512)",RGB,153.68775177001953,adac74315473bf32ca429f2fd390e4e6
/content/casting_dataset/casting_512x512/casting_512x512/def_front/cast_def_0_4596.jpeg,def_front,1,"(512, 512)",RGB,144.65423965454102,5c8c5d9a34e3a40de500bfa55499ba02
/content/casting_dataset/casting_512x512/casting_512x512/def_front/cast_def_0_8838.jpeg,def_front,1,"(512, 512)",RGB,146.52291870117188,f6d36549fac1fb4e662ae5b1c821749c
/content/casting_dataset/casting_512x512/casting_512x512/ok_front/cast_ok_0_7561.jpeg,ok_front,0,"(512, 512)",RGB,152.09082794189453,186592caee582bd0828a726fa8775f82
/content/casting_dataset/casting_512x512/casting_512x512/def_front/cast_def_0_1283.jpeg,def_front,1,"(512, 512)",RGB,145.22265243530273,87d565d4857c79b7a13fcbb917ac4724
/content/casting_dataset/casting_512x512/casting_512x512/ok_front/cast_ok_0_7568.jpeg,ok_front,0,"(512, 512)",RGB,151.5143051147461,5694518a6089542feed588c46c573770
/content/casting_dataset/casting_512x512/casting_512x512/def_front/cast_def_0_2096.jpeg,def_front,1,"(512, 512)",RGB,135.86603546142578,a612eb3e90e55c19affce903f6d9c5af
/content/casting_dataset/casting_512x512/casting_512x512/def_front/cast_def_0_9146.jpeg,def_front,1,"(512, 512)",RGB,138.3181266784668,cd40fb007a7419eb83cf15f45e63822d
/content/casting_dataset/casting_512x512/casting_512x512/def_front/cast_def_0_3703.jpeg,def_front,1,"(512, 512)",RGB,132.70528411865234,f54122dc6b8bca7ea1e04d458e0013eb
/content/casting_dataset/casting_512x512/casting_512x512/def_front/cast_def_0_786.jpeg,def_front,1,"(512, 512)",RGB,134.41309356689453,62c1535c8c3f58bbe43970303360c248
/content/casting_dataset/casting_512x512/casting_512x512/ok_front/cast_ok_0_4582.jpeg,ok_front,0,"(512, 512)",RGB,154.6615219116211,faf0ac42ac31cb3800a992e13cc9a381
/content/casting_dataset/casting_512x512/casting_512x512/def_front/cast_def_0_7056.jpeg,def_front,1,"(512, 512)",RGB,143.84446716308594,d862bb292ea36fb7d6da7a0ebec88359
/content/casting_dataset/casting_512x512/casting_512x512/ok_front/cast_ok_0_7366.jpeg,ok_front,0,"(512, 512)",RGB,146.31635665893555,7d2a327f5323c17e41ea8e3a0b666ea4
/content/casting_dataset/casting_512x512/casting_512x512/def_front/cast_def_0_1817.jpeg,def_front,1,"(512, 512)",RGB,131.85430908203125,f42ef4027176a5107076c9219278c53b
/content/casting_dataset/casting_512x512/casting_512x512/def_front/cast_def_0_9211.jpeg,def_front,1,"(512, 512)",RGB,138.43927383422852,5107161d8cfb1a5b1d15711ee641d214
/content/casting_dataset/casting_512x512/casting_512x512/def_front/cast_def_0_937.jpeg,def_front,1,"(512, 512)",RGB,125.93412399291992,55c55f74555a63f160c9f90d48b3383a
/content/casting_dataset/casting_512x512/casting_512x512/def_front/cast_def_0_7684.jpeg,def_front,1,"(512, 512)",RGB,134.0591697692871,1f8f0412016fdf5fa6b7ddfc166fc514
/content/casting_dataset/casting_512x512/casting_512x512/ok_front/cast_ok_0_5814.jpeg,ok_front,0,"(512, 512)",RGB,145.45297241210938,f61e647b6f977fb3f6b22c0eff040287
/content/casting_dataset/casting_512x512/casting_512x512/def_front/cast_def_0_223.jpeg,def_front,1,"(512, 512)",RGB,147.34286499023438,a78b6e9d5f63f9e830893fa4b3e20c65
/content/casting_dataset/casting_512x512/casting_512x512/def_front/cast_def_0_2937.jpeg,def_front,1,"(512, 512)",RGB,125.26379013061523,ffea00f18f0f8e136aa01e328fc9807e
/content/casting_dataset/casting_512x512/casting_512x512/ok_front/cast_ok_0_9843.jpeg,ok_front,0,"(512, 512)",RGB,147.77073287963867,4cd2dd792aadb77a354209ac0cc627e8
/content/casting_dataset/casting_512x512/casting_512x512/def_front/cast_def_0_5334.jpeg,def_front,1,"(512, 512)",RGB,163.10825729370117,ef070110f678c8f6256240e1d1a4e3e2
/content/casting_dataset/casting_512x512/casting_512x512/def_front/cast_def_0_5805.jpeg,def_front,1,"(512, 512)",RGB,141.64357376098633,187cc2b9853b99605f6d28e42d07e7e5
/content/casting_dataset/casting_512x512/casting_512x512/def_front/cast_def_0_6536.jpeg,def_front,1,"(512, 512)",RGB,124.95193862915039,a3b08551ea067542dca9189338d6e758
/content/casting_dataset/casting_512x512/casting_512x512/def_front/cast_def_0_8831.jpeg,def_front,1,"(512, 512)",RGB,127.72869491577148,4fecdb89db134fd91e3975c119a0c828
/content/casting_dataset/casting_512x512/casting_512x512/def_front/cast_def_0_3704.jpeg,def_front,1,"(512, 512)",RGB,151.38529586791992,ecccce750d9e85deeb2936c82b66798d
/content/casting_dataset/casting_512x512/casting_512x512/def_front/cast_def_0_3016.jpeg,def_front,1,"(512, 512)",RGB,131.2062644958496,f44e49716b9dd78b6fccfaccdedd7337
/content/casting_dataset/casting_512x512/casting_512x512/def_front/cast_def_0_2973.jpeg,def_front,1,"(512, 512)",RGB,137.12759399414062,ad3ad6acba1156f35b6f78de11bca819
/content/casting_dataset/casting_512x512/casting_512x512/def_front/cast_def_0_5221.jpeg,def_front,1,"(512, 512)",RGB,142.5933494567871,07dde9988e07e6fb74eac7a248613587
/content/casting_dataset/casting_512x512/casting_512x512/def_front/cast_def_0_8028.jpeg,def_front,1,"(512, 512)",RGB,145.32458114624023,a02625ee5f3a1e23afee5b7dfe36b915
/content/casting_dataset/casting_512x512/casting_512x512/def_front/cast_def_0_7797.jpeg,def_front,1,"(512, 512)",RGB,147.00886917114258,b34e6a254cfa80067a7445912a13feb9
/content/casting_dataset/casting_512x512/casting_512x512/ok_front/cast_ok_0_3064.jpeg,ok_front,0,"(512, 512)",RGB,138.37274932861328,8c3f019456baf9c70ba1251fc9ae6771
/content/casting_dataset/casting_512x512/casting_512x512/def_front/cast_def_0_9023.jpeg,def_front,1,"(512, 512)",RGB,142.81912231445312,c4ccbe559152a188246c30262b2abfb6
/content/casting_dataset/casting_512x512/casting_512x512/ok_front/cast_ok_0_477.jpeg,ok_front,0,"(512, 512)",RGB,135.8818016052246,22e663a4fd5a369bf543928640739023
/content/casting_dataset/casting_512x512/casting_512x512/def_front/cast_def_0_5532.jpeg,def_front,1,"(512, 512)",RGB,132.6546287536621,66faffc26565d57c4ffb08731f952a00
/content/casting_dataset/casting_512x512/casting_512x512/def_front/cast_def_0_8975.jpeg,def_front,1,"(512, 512)",RGB,153.44394302368164,dae145e07e50ee8a935158f039f7b103
/content/casting_dataset/casting_512x512/casting_512x512/def_front/cast_def_0_4034.jpeg,def_front,1,"(512, 512)",RGB,133.89818954467773,7040d4be1120de9218d5b3922918db42
/content/casting_dataset/casting_512x512/casting_512x512/ok_front/cast_ok_0_2117.jpeg,ok_front,0,"(512, 512)",RGB,164.35914993286133,ecd269fba3ee4e6b05cba508befbef44
/content/casting_dataset/casting_512x512/casting_512x512/def_front/cast_def_0_8288.jpeg,def_front,1,"(512, 512)",RGB,142.46781158447266,ec575c1e1415546f0423ee1fd8148ce3
/content/casting_dataset/casting_512x512/casting_512x512/ok_front/cast_ok_0_9270.jpeg,ok_front,0,"(512, 512)",RGB,148.31163024902344,86cbe95e294eab894ccc86d52b938be7
/content/casting_dataset/casting_512x512/casting_512x512/ok_front/cast_ok_0_4496.jpeg,ok_front,0,"(512, 512)",RGB,137.92253875732422,dccc4d07ef568c87b0a51989c4a1bdbf
/content/casting_dataset/casting_512x512/casting_512x512/def_front/cast_def_0_6247.jpeg,def_front,1,"(512, 512)",RGB,133.52576065063477,fac6234f8aae91fc882fff88a234cb25
/content/casting_dataset/casting_512x512/casting_512x512/def_front/cast_def_0_2422.jpeg,def_front,1,"(512, 512)",RGB,131.67264938354492,d6c9d692177637a1c4006e279720e992
/content/casting_dataset/casting_512x512/casting_512x512/def_front/cast_def_0_5842.jpeg,def_front,1,"(512, 512)",RGB,139.6475486755371,1971b2c4d3de2995be4742469116fac6
/content/casting_dataset/casting_512x512/casting_512x512/def_front/cast_def_0_8144.jpeg,def_front,1,"(512, 512)",RGB,146.39995574951172,302ce907ec36f1bc9debe856f0d3eed1
/content/casting_dataset/casting_512x512/casting_512x512/def_front/cast_def_0_5700.jpeg,def_front,1,"(512, 512)",RGB,142.2648048400879,5751745e11689d451908accb5346d195
/content/casting_dataset/casting_512x512/casting_512x512/ok_front/cast_ok_0_1021.jpeg,ok_front,0,"(512, 512)",RGB,157.9198226928711,515ab642059ae689bb27ae8c5d7f9972
/content/casting_dataset/casting_512x512/casting_512x512/ok_front/cast_ok_0_8496.jpeg,ok_front,0,"(512, 512)",RGB,159.00638961791992,949b7d942b916c5be5bb752c526e2c2f
/content/casting_dataset/casting_512x512/casting_512x512/ok_front/cast_ok_0_3214.jpeg,ok_front,0,"(512, 512)",RGB,152.76934814453125,9eb2fb1d2db855652766ef0667d1cad0
/content/casting_dataset/casting_512x512/casting_512x512/ok_front/cast_ok_0_2417.jpeg,ok_front,0,"(512, 512)",RGB,136.9010009765625,e49871d601b97d2ae35abe36fd2f16b5
/content/casting_dataset/casting_512x512/casting_512x512/def_front/cast_def_0_1596.jpeg,def_front,1,"(512, 512)",RGB,138.2269401550293,4f91d0ea37ab457a97890a8f3444c8d1
/content/casting_dataset/casting_512x512/casting_512x512/def_front/cast_def_0_3220.jpeg,def_front,1,"(512, 512)",RGB,134.00760650634766,bc7b0ae6ff3e75d9a60b12c31b6d8f81
/content/casting_dataset/casting_512x512/casting_512x512/ok_front/cast_ok_0_9008.jpeg,ok_front,0,"(512, 512)",RGB,152.57656478881836,c08195910f16848a3db2cd288da15be8
/content/casting_dataset/casting_512x512/casting_512x512/def_front/cast_def_0_9403.jpeg,def_front,1,"(512, 512)",RGB,134.4615478515625,8641f5117334d6f8848325e1185caadb
/content/casting_dataset/casting_512x512/casting_512x512/def_front/cast_def_0_2950.jpeg,def_front,1,"(512, 512)",RGB,167.36477279663086,728dba732d47d21569961a2c4080768d
/content/casting_dataset/casting_512x512/casting_512x512/def_front/cast_def_0_8152.jpeg,def_front,1,"(512, 512)",RGB,132.17570114135742,e52bfcd0fbc50ce1802338335d1e7a04
/content/casting_dataset/casting_512x512/casting_512x512/ok_front/cast_ok_0_4059.jpeg,ok_front,0,"(512, 512)",RGB,136.86018753051758,8f94631d45e482accca550faed8cd075
/content/casting_dataset/casting_512x512/casting_512x512/def_front/cast_def_0_543.jpeg,def_front,1,"(512, 512)",RGB,132.7216911315918,3d6e61af7c6e50316aad871b8af0f1b3
/content/casting_dataset/casting_512x512/casting_512x512/ok_front/cast_ok_0_5339.jpeg,ok_front,0,"(512, 512)",RGB,149.7547607421875,7fa747c7f225c453bb1c853fade6ba76
/content/casting_dataset/casting_512x512/casting_512x512/def_front/cast_def_0_2450.jpeg,def_front,1,"(512, 512)",RGB,134.90086364746094,74858db5ba1cc60299e9e4b37b73512c
/content/casting_dataset/casting_512x512/casting_512x512/ok_front/cast_ok_0_3500.jpeg,ok_front,0,"(512, 512)",RGB,144.85873413085938,90ffc30576f16d6e0a46e1a62d1fccdd
/content/casting_dataset/casting_512x512/casting_512x512/def_front/cast_def_0_8278.jpeg,def_front,1,"(512, 512)",RGB,142.98221588134766,89541a558dbf5016f3bde54f407d8bda
/content/casting_dataset/casting_512x512/casting_512x512/def_front/cast_def_0_4908.jpeg,def_front,1,"(512, 512)",RGB,142.40139389038086,53653515bf8c30bb619f59797f3c3bcd
/content/casting_dataset/casting_512x512/casting_512x512/ok_front/cast_ok_0_9734.jpeg,ok_front,0,"(512, 512)",RGB,138.99375534057617,b71bee7cb7fbd427e0421a4610d22ecd
/content/casting_dataset/casting_512x512/casting_512x512/def_front/cast_def_0_8321.jpeg,def_front,1,"(512, 512)",RGB,134.88561630249023,89e743ff5beaf1d41be3bf39b94dad75
/content/casting_dataset/casting_512x512/casting_512x512/def_front/cast_def_0_9378.jpeg,def_front,1,"(512, 512)",RGB,122.63758087158203,1520aa4beba952b9c716ddcbb8c2365e
/content/casting_dataset/casting_512x512/casting_512x512/def_front/cast_def_0_734.jpeg,def_front,1,"(512, 512)",RGB,136.45923233032227,a40bfdfe35cfba0971cee6c011de77f1
/content/casting_dataset/casting_512x512/casting_512x512/def_front/cast_def_0_9139.jpeg,def_front,1,"(512, 512)",RGB,134.94989776611328,f11d89f6b16d9542f91e298d15cc1943
/content/casting_dataset/casting_512x512/casting_512x512/def_front/cast_def_0_9175.jpeg,def_front,1,"(512, 512)",RGB,133.64840698242188,fec6d45b691e99fc0c06cd64c1533f48
/content/casting_dataset/casting_512x512/casting_512x512/def_front/cast_def_0_6531.jpeg,def_front,1,"(512, 512)",RGB,135.85335159301758,9985da06ad7f07e80c0f15833c786494
/content/casting_dataset/casting_512x512/casting_512x512/def_front/cast_def_0_854.jpeg,def_front,1,"(512, 512)",RGB,127.82868576049805,152266abac7ba1e2d7a0571ecc380843
/content/casting_dataset/casting_512x512/casting_512x512/ok_front/cast_ok_0_3764.jpeg,ok_front,0,"(512, 512)",RGB,157.63460540771484,4dec78f7d4b7aa3687748a175bfdc251
/content/casting_dataset/casting_512x512/casting_512x512/def_front/cast_def_0_1139.jpeg,def_front,1,"(512, 512)",RGB,162.5045051574707,ebcacd885a8f5ff4f2b79b8689ef4b42
/content/casting_dataset/casting_512x512/casting_512x512/def_front/cast_def_0_2102.jpeg,def_front,1,"(512, 512)",RGB,131.02939987182617,af041c0d0c12889b69860998cdc0c8bc
/content/casting_dataset/casting_512x512/casting_512x512/def_front/cast_def_0_1495.jpeg,def_front,1,"(512, 512)",RGB,132.1078224182129,19dd57d6e61ac10c0e813ddd00009066
/content/casting_dataset/casting_512x512/casting_512x512/ok_front/cast_ok_0_4974.jpeg,ok_front,0,"(512, 512)",RGB,133.6604347229004,f4cc94453c197122f6abaa89f2cc1b11
/content/casting_dataset/casting_512x512/casting_512x512/def_front/cast_def_0_1534.jpeg,def_front,1,"(512, 512)",RGB,136.3533477783203,ec0d0ac370ecf57fc6e23d301cda8e8b
/content/casting_dataset/casting_512x512/casting_512x512/ok_front/cast_ok_0_4736.jpeg,ok_front,0,"(512, 512)",RGB,157.42771911621094,fe667f8d5367a109a0067d65955aaedc
/content/casting_dataset/casting_512x512/casting_512x512/def_front/cast_def_0_3056.jpeg,def_front,1,"(512, 512)",RGB,135.74957275390625,80aac9d29ea6161e5dcbd2967d09ad21
/content/casting_dataset/casting_512x512/casting_512x512/ok_front/cast_ok_0_2152.jpeg,ok_front,0,"(512, 512)",RGB,128.72216796875,83564db3a1351fc8959ae9d1bd3fb8fb
/content/casting_dataset/casting_512x512/casting_512x512/def_front/cast_def_0_9963.jpeg,def_front,1,"(512, 512)",RGB,144.50810623168945,e041c14551995b19e1f188739477b8ad
/content/casting_dataset/casting_512x512/casting_512x512/def_front/cast_def_0_7275.jpeg,def_front,1,"(512, 512)",RGB,136.2036476135254,069f3911f9d0ee758850e5b368d39cd9
/content/casting_dataset/casting_512x512/casting_512x512/ok_front/cast_ok_0_496.jpeg,ok_front,0,"(512, 512)",RGB,141.0141830444336,a9bad2dc049eb4d5b0a9ba0acd534c03
/content/casting_dataset/casting_512x512/casting_512x512/def_front/cast_def_0_688.jpeg,def_front,1,"(512, 512)",RGB,131.63487243652344,a95f485ffb2ca2b3c45714a747cdc80c
/content/casting_dataset/casting_512x512/casting_512x512/ok_front/cast_ok_0_5370.jpeg,ok_front,0,"(512, 512)",RGB,145.36479949951172,cb6e2dcf37f7639218b1e459da1c29bb
/content/casting_dataset/casting_512x512/casting_512x512/def_front/cast_def_0_8340.jpeg,def_front,1,"(512, 512)",RGB,140.65306854248047,320be23c291956365269c307c3aef383
/content/casting_dataset/casting_512x512/casting_512x512/ok_front/cast_ok_0_9366.jpeg,ok_front,0,"(512, 512)",RGB,141.55224990844727,cd85930b546783cf80bb76cddb0b2c07
/content/casting_dataset/casting_512x512/casting_512x512/def_front/cast_def_0_811.jpeg,def_front,1,"(512, 512)",RGB,124.59336471557617,fdaf9fde864ca89cbc4ebf0ae1b91f29
/content/casting_dataset/casting_512x512/casting_512x512/def_front/cast_def_0_8954.jpeg,def_front,1,"(512, 512)",RGB,139.23368453979492,ab1fbded88c5d410577128f8f246e7d8
/content/casting_dataset/casting_512x512/casting_512x512/def_front/cast_def_0_2.jpeg,def_front,1,"(512, 512)",RGB,153.91579055786133,d1e85cad37e2bc4d85340af5cb7497c8
/content/casting_dataset/casting_512x512/casting_512x512/def_front/cast_def_0_8631.jpeg,def_front,1,"(512, 512)",RGB,150.30889511108398,f3d76db2c4ce0204f43f61fe8e71472e
/content/casting_dataset/casting_512x512/casting_512x512/def_front/cast_def_0_571.jpeg,def_front,1,"(512, 512)",RGB,138.8363914489746,2a42402ac3ecdcf0710037d03b90b86c
/content/casting_dataset/casting_512x512/casting_512x512/def_front/cast_def_0_9328.jpeg,def_front,1,"(512, 512)",RGB,135.81109237670898,ae7d9630a2bafc4ec0934b1b7779dc3c
/content/casting_dataset/casting_512x512/casting_512x512/ok_front/cast_ok_0_4597.jpeg,ok_front,0,"(512, 512)",RGB,133.18797302246094,f5767ba8168523b60d199f372205ed60
/content/casting_dataset/casting_512x512/casting_512x512/def_front/cast_def_0_7215.jpeg,def_front,1,"(512, 512)",RGB,139.51895141601562,3352df7b5ab23e5407f758cc24065320
/content/casting_dataset/casting_512x512/casting_512x512/ok_front/cast_ok_0_5854.jpeg,ok_front,0,"(512, 512)",RGB,161.51284408569336,98b92f738ced5d7acfafe38fff1f5ce2
/content/casting_dataset/casting_512x512/casting_512x512/ok_front/cast_ok_0_4863.jpeg,ok_front,0,"(512, 512)",RGB,154.07905197143555,e597c7db936b8a11c6199efa591b1f4c
/content/casting_dataset/casting_512x512/casting_512x512/def_front/cast_def_0_1359.jpeg,def_front,1,"(512, 512)",RGB,130.23687744140625,ed5245935b4454289b0b04a164f7e74a
/content/casting_dataset/casting_512x512/casting_512x512/ok_front/cast_ok_0_2819.jpeg,ok_front,0,"(512, 512)",RGB,159.5837631225586,60f79a23232ab91afa5a74aee67576c0
/content/casting_dataset/casting_512x512/casting_512x512/def_front/cast_def_0_3831.jpeg,def_front,1,"(512, 512)",RGB,133.08995056152344,6e695ffd5d78469f00f30a70eece0b41
/content/casting_dataset/casting_512x512/casting_512x512/def_front/cast_def_0_8213.jpeg,def_front,1,"(512, 512)",RGB,152.72431564331055,c5e16a09fa551ed616b09f400c6554cc
/content/casting_dataset/casting_512x512/casting_512x512/ok_front/cast_ok_0_6880.jpeg,ok_front,0,"(512, 512)",RGB,160.89234161376953,b465c8c66891a7a5f6e8399c2081fc48
/content/casting_dataset/casting_512x512/casting_512x512/def_front/cast_def_0_1815.jpeg,def_front,1,"(512, 512)",RGB,136.38531494140625,fa5c83a9b1042fbe8945a4ae3be96be9
/content/casting_dataset/casting_512x512/casting_512x512/def_front/cast_def_0_8067.jpeg,def_front,1,"(512, 512)",RGB,131.7029266357422,4aa066bae2b1bcf6a5008e9434e4d355
/content/casting_dataset/casting_512x512/casting_512x512/def_front/cast_def_0_6239.jpeg,def_front,1,"(512, 512)",RGB,136.17583084106445,dfb80578e698079be426e206bb6b1c87
/content/casting_dataset/casting_512x512/casting_512x512/def_front/cast_def_0_8170.jpeg,def_front,1,"(512, 512)",RGB,131.78756713867188,6e2797aa9b826823ed2df647b30587e3
/content/casting_dataset/casting_512x512/casting_512x512/ok_front/cast_ok_0_7460.jpeg,ok_front,0,"(512, 512)",RGB,149.5749740600586,53a0842566dad615a1f07942f3ed703f
/content/casting_dataset/casting_512x512/casting_512x512/ok_front/cast_ok_0_7256.jpeg,ok_front,0,"(512, 512)",RGB,144.74635314941406,69f0933cf161d2e7724dadc00f969bc3
/content/casting_dataset/casting_512x512/casting_512x512/def_front/cast_def_0_503.jpeg,def_front,1,"(512, 512)",RGB,135.89014053344727,fd64530cd56aec907c366710ec068044
/content/casting_dataset/casting_512x512/casting_512x512/ok_front/cast_ok_0_694.jpeg,ok_front,0,"(512, 512)",RGB,142.71689987182617,6802977a47d2611f1577fd5a5f7500a6
/content/casting_dataset/casting_512x512/casting_512x512/ok_front/cast_ok_0_8375.jpeg,ok_front,0,"(512, 512)",RGB,151.5370635986328,d1f02382cb4a236a2795a4db1c95f8cf
/content/casting_dataset/casting_512x512/casting_512x512/def_front/cast_def_0_6874.jpeg,def_front,1,"(512, 512)",RGB,161.0887107849121,94142d1842d05757293ce3d31be69cc0
/content/casting_dataset/casting_512x512/casting_512x512/ok_front/cast_ok_0_8440.jpeg,ok_front,0,"(512, 512)",RGB,143.94563674926758,28e7d745e7528c6c67ff3370f2e8c344
/content/casting_dataset/casting_512x512/casting_512x512/def_front/cast_def_0_7593.jpeg,def_front,1,"(512, 512)",RGB,136.7245330810547,8c8812cd496395f407672eb39a16bf22
/content/casting_dataset/casting_512x512/casting_512x512/def_front/cast_def_0_3565.jpeg,def_front,1,"(512, 512)",RGB,134.16383361816406,b44bc8575a26a65a869260f1df1b5aea
/content/casting_dataset/casting_512x512/casting_512x512/def_front/cast_def_0_2887.jpeg,def_front,1,"(512, 512)",RGB,151.79451370239258,c566f99933ddb6a533bd7f6c31cd2586
/content/casting_dataset/casting_512x512/casting_512x512/def_front/cast_def_0_9163.jpeg,def_front,1,"(512, 512)",RGB,141.34523010253906,8f60e908fffc83bc4fdc7407aba6e3e9
/content/casting_dataset/casting_512x512/casting_512x512/def_front/cast_def_0_1616.jpeg,def_front,1,"(512, 512)",RGB,136.72088241577148,77cbadd3717fd3e9ebaed08833a9fb83
/content/casting_dataset/casting_512x512/casting_512x512/def_front/cast_def_0_7217.jpeg,def_front,1,"(512, 512)",RGB,134.94255828857422,83938ca0b8f70adde4327aab7d3d21ca
/content/casting_dataset/casting_512x512/casting_512x512/def_front/cast_def_0_1187.jpeg,def_front,1,"(512, 512)",RGB,153.8434295654297,3800b30eb575e25b51829ebb7ec644be
/content/casting_dataset/casting_512x512/casting_512x512/def_front/cast_def_0_1729.jpeg,def_front,1,"(512, 512)",RGB,133.3306121826172,3680ef52bbc2a6cf657113a648a2247a
/content/casting_dataset/casting_512x512/casting_512x512/ok_front/cast_ok_0_5853.jpeg,ok_front,0,"(512, 512)",RGB,139.62105560302734,cb25b176f78a41327c47da4aac57773b
/content/casting_dataset/casting_512x512/casting_512x512/ok_front/cast_ok_0_3897.jpeg,ok_front,0,"(512, 512)",RGB,157.9763641357422,f4c4cc9aa5b2c59a914fbabc80214e7d
/content/casting_dataset/casting_512x512/casting_512x512/def_front/cast_def_0_5919.jpeg,def_front,1,"(512, 512)",RGB,140.10440063476562,ca1739a10f14670b75673c37ba0df9ee
/content/casting_dataset/casting_512x512/casting_512x512/ok_front/cast_ok_0_5148.jpeg,ok_front,0,"(512, 512)",RGB,145.3268928527832,fe4ccfc5b7e140637f247c5efa878df6
/content/casting_dataset/casting_512x512/casting_512x512/def_front/cast_def_0_4970.jpeg,def_front,1,"(512, 512)",RGB,138.87255859375,4ce7595a5a17c048bf94f5278310f73b
/content/casting_dataset/casting_512x512/casting_512x512/ok_front/cast_ok_0_1682.jpeg,ok_front,0,"(512, 512)",RGB,155.62346267700195,35df52c9ba05f5b3f5658711be8d56f0
/content/casting_dataset/casting_512x512/casting_512x512/ok_front/cast_ok_0_1755.jpeg,ok_front,0,"(512, 512)",RGB,140.26850128173828,d40098b597474909d652e8ad82dd07f0
/content/casting_dataset/casting_512x512/casting_512x512/def_front/cast_def_0_737.jpeg,def_front,1,"(512, 512)",RGB,130.6214256286621,2410f0c27ef8dada04102389c4331421
/content/casting_dataset/casting_512x512/casting_512x512/def_front/cast_def_0_5992.jpeg,def_front,1,"(512, 512)",RGB,132.61784744262695,08144d376b0a20e7583e530154128111
/content/casting_dataset/casting_512x512/casting_512x512/ok_front/cast_ok_0_8664.jpeg,ok_front,0,"(512, 512)",RGB,154.2940902709961,326c41aeb6247f75decc04f27c3212a6
/content/casting_dataset/casting_512x512/casting_512x512/def_front/cast_def_0_7110.jpeg,def_front,1,"(512, 512)",RGB,135.97314071655273,c01f9c81070ca09d7439138856973f76
/content/casting_dataset/casting_512x512/casting_512x512/ok_front/cast_ok_0_3842.jpeg,ok_front,0,"(512, 512)",RGB,153.77578353881836,e3087befe6414c253e43b1b743a11d67
/content/casting_dataset/casting_512x512/casting_512x512/ok_front/cast_ok_0_6477.jpeg,ok_front,0,"(512, 512)",RGB,151.55309677124023,1bf29c6d15377c36b76f82821e844144
/content/casting_dataset/casting_512x512/casting_512x512/ok_front/cast_ok_0_8076.jpeg,ok_front,0,"(512, 512)",RGB,151.59280014038086,66e451074436f6f9571e7942046fb207
/content/casting_dataset/casting_512x512/casting_512x512/def_front/cast_def_0_221.jpeg,def_front,1,"(512, 512)",RGB,134.41704177856445,4638e02276295531e25deb200bd3384f
/content/casting_dataset/casting_512x512/casting_512x512/def_front/cast_def_0_5001.jpeg,def_front,1,"(512, 512)",RGB,125.7678451538086,71bdf0b6aaefe31df3f1fa5bcc63cd00
/content/casting_dataset/casting_512x512/casting_512x512/ok_front/cast_ok_0_4821.jpeg,ok_front,0,"(512, 512)",RGB,136.06068420410156,ff65f1ea65d34125e23390c732d8d225
/content/casting_dataset/casting_512x512/casting_512x512/def_front/cast_def_0_7933.jpeg,def_front,1,"(512, 512)",RGB,130.86159133911133,fa4594c64b586969fc540ce6d343973e
/content/casting_dataset/casting_512x512/casting_512x512/ok_front/cast_ok_0_3304.jpeg,ok_front,0,"(512, 512)",RGB,151.098876953125,e3a92b2d2cf75496603bb643edd701c6
/content/casting_dataset/casting_512x512/casting_512x512/def_front/cast_def_0_9854.jpeg,def_front,1,"(512, 512)",RGB,143.88570404052734,99b7132458f4ba038a6cce52e0a49561
/content/casting_dataset/casting_512x512/casting_512x512/def_front/cast_def_0_3856.jpeg,def_front,1,"(512, 512)",RGB,152.4041862487793,4641d61607a2415ea1569ec3a2b4f53b
/content/casting_dataset/casting_512x512/casting_512x512/def_front/cast_def_0_3869.jpeg,def_front,1,"(512, 512)",RGB,135.3782730102539,c912dd0768c1f02651dca109ba98e2c7
/content/casting_dataset/casting_512x512/casting_512x512/ok_front/cast_ok_0_5728.jpeg,ok_front,0,"(512, 512)",RGB,160.70084762573242,be58bfee3c7e2b198d11884f2cfd91a9
/content/casting_dataset/casting_512x512/casting_512x512/ok_front/cast_ok_0_5077.jpeg,ok_front,0,"(512, 512)",RGB,151.0285987854004,0d4e5c962b4b39ae6c26976c8b982ef6
/content/casting_dataset/casting_512x512/casting_512x512/def_front/cast_def_0_490.jpeg,def_front,1,"(512, 512)",RGB,133.86845016479492,2c3e40e6033db90b726219a032e89801
/content/casting_dataset/casting_512x512/casting_512x512/ok_front/cast_ok_0_4965.jpeg,ok_front,0,"(512, 512)",RGB,147.63389587402344,5d392efeb6b4aa82c389e71bf54cb36b
/content/casting_dataset/casting_512x512/casting_512x512/def_front/cast_def_0_3963.jpeg,def_front,1,"(512, 512)",RGB,141.64178085327148,77ff05cb9fa2d7cdc429fa46d8ef0166
/content/casting_dataset/casting_512x512/casting_512x512/ok_front/cast_ok_0_7690.jpeg,ok_front,0,"(512, 512)",RGB,131.00543975830078,2e1e152b48321ac3bd8c1b2662c9284f
/content/casting_dataset/casting_512x512/casting_512x512/def_front/cast_def_0_8101.jpeg,def_front,1,"(512, 512)",RGB,136.26549530029297,e63f526c776b94849d47a7b25bbec166
/content/casting_dataset/casting_512x512/casting_512x512/ok_front/cast_ok_0_6189.jpeg,ok_front,0,"(512, 512)",RGB,147.2784080505371,b73134c78cf63a50e9cdb6f3466d4bbf
/content/casting_dataset/casting_512x512/casting_512x512/def_front/cast_def_0_2966.jpeg,def_front,1,"(512, 512)",RGB,133.59073638916016,9ad13ae48017eccb3bfb86162a49c6b6
/content/casting_dataset/casting_512x512/casting_512x512/ok_front/cast_ok_0_1102.jpeg,ok_front,0,"(512, 512)",RGB,133.44243621826172,89a2521a91859314c338c849dd62d062
/content/casting_dataset/casting_512x512/casting_512x512/def_front/cast_def_0_1155.jpeg,def_front,1,"(512, 512)",RGB,137.0542755126953,e5abef249127dfe65765ff0a6373c1b8
/content/casting_dataset/casting_512x512/casting_512x512/ok_front/cast_ok_0_8153.jpeg,ok_front,0,"(512, 512)",RGB,151.1276092529297,3a49395ab2d70fac294ea83d707ed883
/content/casting_dataset/casting_512x512/casting_512x512/ok_front/cast_ok_0_8278.jpeg,ok_front,0,"(512, 512)",RGB,146.0579071044922,7367b7d88fb7682087b10b88d8dc4ca7
/content/casting_dataset/casting_512x512/casting_512x512/def_front/cast_def_0_2654.jpeg,def_front,1,"(512, 512)",RGB,128.68400955200195,24bd7e6ad2d4ea1ee248ec9dced6fc86
/content/casting_dataset/casting_512x512/casting_512x512/def_front/cast_def_0_5892.jpeg,def_front,1,"(512, 512)",RGB,145.09936904907227,93ddfa1be3556e6352552b1e43ce2fa9
/content/casting_dataset/casting_512x512/casting_512x512/ok_front/cast_ok_0_1780.jpeg,ok_front,0,"(512, 512)",RGB,146.83633041381836,48e4365c15572904b1fa270f250c2fdb
/content/casting_dataset/casting_512x512/casting_512x512/def_front/cast_def_0_773.jpeg,def_front,1,"(512, 512)",RGB,122.78508377075195,dfd3e193a00c0786f18bdacfef4bc300
/content/casting_dataset/casting_512x512/casting_512x512/def_front/cast_def_0_3793.jpeg,def_front,1,"(512, 512)",RGB,141.2025146484375,c0369f1e5f29d4d0cfe71e1d052f6b40
/content/casting_dataset/casting_512x512/casting_512x512/def_front/cast_def_0_583.jpeg,def_front,1,"(512, 512)",RGB,133.70828247070312,61d0334b5c4a9203c3a657a68729b94f
/content/casting_dataset/casting_512x512/casting_512x512/def_front/cast_def_0_3070.jpeg,def_front,1,"(512, 512)",RGB,137.64113998413086,cebdef9091cc7cc6958ac3e730d3bf0e
/content/casting_dataset/casting_512x512/casting_512x512/ok_front/cast_ok_0_1756.jpeg,ok_front,0,"(512, 512)",RGB,139.0743865966797,3db76f1672e0486afa99fc91a41ee599
/content/casting_dataset/casting_512x512/casting_512x512/ok_front/cast_ok_0_9959.jpeg,ok_front,0,"(512, 512)",RGB,148.9044189453125,e174e8700a620e8d5768df3470f91b56
/content/casting_dataset/casting_512x512/casting_512x512/def_front/cast_def_0_9683.jpeg,def_front,1,"(512, 512)",RGB,123.70222091674805,0b0ab35ddb183a68c39030e0b529f64f
/content/casting_dataset/casting_512x512/casting_512x512/def_front/cast_def_0_4590.jpeg,def_front,1,"(512, 512)",RGB,154.57595443725586,7ee5470e1f0f851e5b61b35090575a22
/content/casting_dataset/casting_512x512/casting_512x512/ok_front/cast_ok_0_5472.jpeg,ok_front,0,"(512, 512)",RGB,153.2849349975586,1fb8dbf2e6e0db6c85c7224e95463d6d
/content/casting_dataset/casting_512x512/casting_512x512/def_front/cast_def_0_421.jpeg,def_front,1,"(512, 512)",RGB,136.6653289794922,d7ebea0ea9b8b77e969485b8e919f6d7
/content/casting_dataset/casting_512x512/casting_512x512/ok_front/cast_ok_0_6567.jpeg,ok_front,0,"(512, 512)",RGB,146.96747589111328,4ea70b80c175f001a6f7347527f89ee7
/content/casting_dataset/casting_512x512/casting_512x512/def_front/cast_def_0_9474.jpeg,def_front,1,"(512, 512)",RGB,144.34508895874023,a559c9bb036c755091b7152acdda0b3c
/content/casting_dataset/casting_512x512/casting_512x512/ok_front/cast_ok_0_4168.jpeg,ok_front,0,"(512, 512)",RGB,164.12311172485352,9d839a75bc080bca8d83633def19dffb
/content/casting_dataset/casting_512x512/casting_512x512/def_front/cast_def_0_5360.jpeg,def_front,1,"(512, 512)",RGB,140.36185836791992,b25bd4f4a9870ec8551fe66486784dea
/content/casting_dataset/casting_512x512/casting_512x512/ok_front/cast_ok_0_5942.jpeg,ok_front,0,"(512, 512)",RGB,163.8482437133789,7281f1ce7353534ab07f7b401782faa5
/content/casting_dataset/casting_512x512/casting_512x512/def_front/cast_def_0_6855.jpeg,def_front,1,"(512, 512)",RGB,144.04833221435547,0ddeec0ec4576ce435865c3bae51b39f
/content/casting_dataset/casting_512x512/casting_512x512/def_front/cast_def_0_9637.jpeg,def_front,1,"(512, 512)",RGB,137.83600234985352,7ab7e7970b2978e8ca97aa4dbf0e207c
/content/casting_dataset/casting_512x512/casting_512x512/def_front/cast_def_0_1877.jpeg,def_front,1,"(512, 512)",RGB,128.51330947875977,7eeb17e2122c7d80a3c67c1b9a313bf8
/content/casting_dataset/casting_512x512/casting_512x512/ok_front/cast_ok_0_8127.jpeg,ok_front,0,"(512, 512)",RGB,169.79440689086914,c816a099fa690cb02a4ce8cd392e870c
/content/casting_dataset/casting_512x512/casting_512x512/def_front/cast_def_0_3098.jpeg,def_front,1,"(512, 512)",RGB,142.74321365356445,fd53c7a0f1b03b6f3f4212be7518552f
/content/casting_dataset/casting_512x512/casting_512x512/def_front/cast_def_0_7987.jpeg,def_front,1,"(512, 512)",RGB,139.99242401123047,dcadd2a6ea602ee918f533019667fefa
/content/casting_dataset/casting_512x512/casting_512x512/def_front/cast_def_0_3362.jpeg,def_front,1,"(512, 512)",RGB,143.27746963500977,907a390a757b254e155dbc237b7bc8b2
/content/casting_dataset/casting_512x512/casting_512x512/def_front/cast_def_0_9435.jpeg,def_front,1,"(512, 512)",RGB,143.25069046020508,3e36050fef66a711bfe9d045afd66ddc
/content/casting_dataset/casting_512x512/casting_512x512/def_front/cast_def_0_7264.jpeg,def_front,1,"(512, 512)",RGB,142.71987533569336,765a49bd6b746e383f08537e20b2ae89
/content/casting_dataset/casting_512x512/casting_512x512/def_front/cast_def_0_1226.jpeg,def_front,1,"(512, 512)",RGB,127.67281341552734,b69baa3fc7ed2554b9e4cb5f222b55be
/content/casting_dataset/casting_512x512/casting_512x512/ok_front/cast_ok_0_2162.jpeg,ok_front,0,"(512, 512)",RGB,147.6059455871582,bd03a8f9cad1429e3109f2d40a2f1195
/content/casting_dataset/casting_512x512/casting_512x512/ok_front/cast_ok_0_7773.jpeg,ok_front,0,"(512, 512)",RGB,156.63893127441406,ca3e4e8f362e97dc29c5c8a09cd2fd11
/content/casting_dataset/casting_512x512/casting_512x512/def_front/cast_def_0_5311.jpeg,def_front,1,"(512, 512)",RGB,138.93677139282227,c30ebdd386916ff263c1bd7372146a32
/content/casting_dataset/casting_512x512/casting_512x512/def_front/cast_def_0_7982.jpeg,def_front,1,"(512, 512)",RGB,158.39393615722656,fe0b730ae2ead53bab82c34b93a4ddad
/content/casting_dataset/casting_512x512/casting_512x512/ok_front/cast_ok_0_1491.jpeg,ok_front,0,"(512, 512)",RGB,155.6154899597168,0ba8ae8a1e60162d4d1e20817312cba5
/content/casting_dataset/casting_512x512/casting_512x512/ok_front/cast_ok_0_1265.jpeg,ok_front,0,"(512, 512)",RGB,154.50697708129883,b78080525e67050e92f231ac0060c7a0
/content/casting_dataset/casting_512x512/casting_512x512/def_front/cast_def_0_2837.jpeg,def_front,1,"(512, 512)",RGB,144.03258895874023,262cec2961a67db355c6b8b98688ebc2
/content/casting_dataset/casting_512x512/casting_512x512/def_front/cast_def_0_1949.jpeg,def_front,1,"(512, 512)",RGB,139.1586456298828,724729ac0f4d1c315fcd255b136e0f4e
/content/casting_dataset/casting_512x512/casting_512x512/def_front/cast_def_0_4459.jpeg,def_front,1,"(512, 512)",RGB,129.4104461669922,af7074c9ae0e5e0e357171f565cc1f9a
/content/casting_dataset/casting_512x512/casting_512x512/def_front/cast_def_0_7286.jpeg,def_front,1,"(512, 512)",RGB,130.07616806030273,515c87d55e16ebee51b326570e8f9bb0
/content/casting_dataset/casting_512x512/casting_512x512/ok_front/cast_ok_0_6788.jpeg,ok_front,0,"(512, 512)",RGB,147.38495635986328,fbda3567678c21a87f27df44dafe42a4
/content/casting_dataset/casting_512x512/casting_512x512/ok_front/cast_ok_0_1344.jpeg,ok_front,0,"(512, 512)",RGB,139.86865615844727,2d0ffc87d668aec914cdbb6d819aacb2
/content/casting_dataset/casting_512x512/casting_512x512/def_front/cast_def_0_8709.jpeg,def_front,1,"(512, 512)",RGB,139.66352081298828,4db3f54c6419c94ae3dc5d3672d826fb
/content/casting_dataset/casting_512x512/casting_512x512/def_front/cast_def_0_7538.jpeg,def_front,1,"(512, 512)",RGB,130.45030212402344,40064d30e31e527fa751da5ae999fa74
/content/casting_dataset/casting_512x512/casting_512x512/def_front/cast_def_0_2220.jpeg,def_front,1,"(512, 512)",RGB,141.0021629333496,c8bacb3d57e2e0fddf0f546af417bcb4
/content/casting_dataset/casting_512x512/casting_512x512/def_front/cast_def_0_2892.jpeg,def_front,1,"(512, 512)",RGB,133.69003295898438,0197d78331b89bc635261d575f11858b
/content/casting_dataset/casting_512x512/casting_512x512/ok_front/cast_ok_0_6055.jpeg,ok_front,0,"(512, 512)",RGB,140.96878051757812,aea70a8de48e543ed467e094297afda2
/content/casting_dataset/casting_512x512/casting_512x512/def_front/cast_def_0_7581.jpeg,def_front,1,"(512, 512)",RGB,136.3843002319336,3942bf4d461a60b93abda5e465c888c2
/content/casting_dataset/casting_512x512/casting_512x512/ok_front/cast_ok_0_7673.jpeg,ok_front,0,"(512, 512)",RGB,152.79740142822266,c517f07dbf4fa745c56e3e0afae5ad1b
/content/casting_dataset/casting_512x512/casting_512x512/def_front/cast_def_0_333.jpeg,def_front,1,"(512, 512)",RGB,136.36724472045898,15d7a7abc5e131fd3c0498a502bdc45e
/content/casting_dataset/casting_512x512/casting_512x512/def_front/cast_def_0_8668.jpeg,def_front,1,"(512, 512)",RGB,140.45415878295898,3415e6c335ef489f20d4788187061f3f
/content/casting_dataset/casting_512x512/casting_512x512/ok_front/cast_ok_0_7487.jpeg,ok_front,0,"(512, 512)",RGB,143.28793716430664,730c327eb43d4136e9f05c9b7e20151f
/content/casting_dataset/casting_512x512/casting_512x512/def_front/cast_def_0_9333.jpeg,def_front,1,"(512, 512)",RGB,143.03865814208984,a8110bd068c2cbd6a21a6e217e2ab5eb
/content/casting_dataset/casting_512x512/casting_512x512/ok_front/cast_ok_0_7836.jpeg,ok_front,0,"(512, 512)",RGB,150.04541778564453,7425ccf0f3494f3b3438d2f436d55e9c
/content/casting_dataset/casting_512x512/casting_512x512/def_front/cast_def_0_608.jpeg,def_front,1,"(512, 512)",RGB,148.09277725219727,6db2f1002683e083b29a85ad4759239d
/content/casting_dataset/casting_512x512/casting_512x512/def_front/cast_def_0_7295.jpeg,def_front,1,"(512, 512)",RGB,134.6366081237793,950c78f3a73590de1862d26106155426
/content/casting_dataset/casting_512x512/casting_512x512/ok_front/cast_ok_0_2244.jpeg,ok_front,0,"(512, 512)",RGB,151.16159439086914,d0cbb0bb4c059dc77781650b41cbe5c9
/content/casting_dataset/casting_512x512/casting_512x512/def_front/cast_def_0_6929.jpeg,def_front,1,"(512, 512)",RGB,139.75677871704102,8fb7c96dafdaeb3e58b03af17eed0e5c
/content/casting_dataset/casting_512x512/casting_512x512/ok_front/cast_ok_0_5588.jpeg,ok_front,0,"(512, 512)",RGB,149.4085922241211,0c1e295c9544bf292b5935782bc09eae
/content/casting_dataset/casting_512x512/casting_512x512/def_front/cast_def_0_4653.jpeg,def_front,1,"(512, 512)",RGB,157.0594825744629,6a79bc6fbf11f189b8e33fbb655ad0fb
/content/casting_dataset/casting_512x512/casting_512x512/ok_front/cast_ok_0_688.jpeg,ok_front,0,"(512, 512)",RGB,152.54798126220703,8286ad1059014520c1869d34afea5b9f
/content/casting_dataset/casting_512x512/casting_512x512/def_front/cast_def_0_2310.jpeg,def_front,1,"(512, 512)",RGB,133.62169647216797,7ede7e980d79600c86b70ea0be8d0437
/content/casting_dataset/casting_512x512/casting_512x512/ok_front/cast_ok_0_1092.jpeg,ok_front,0,"(512, 512)",RGB,146.29763793945312,43e1b799e4495dec8ddc9483a18c7003
/content/casting_dataset/casting_512x512/casting_512x512/ok_front/cast_ok_0_5565.jpeg,ok_front,0,"(512, 512)",RGB,136.7613754272461,89fe494a378b653cfb9b79b3592a5c67
/content/casting_dataset/casting_512x512/casting_512x512/def_front/cast_def_0_1053.jpeg,def_front,1,"(512, 512)",RGB,131.35981369018555,0a1c9f7a1154327e67f74bc98b874305
/content/casting_dataset/casting_512x512/casting_512x512/def_front/cast_def_0_8848.jpeg,def_front,1,"(512, 512)",RGB,140.74761199951172,9b58f4370a594523dc4cd44d9893d098
/content/casting_dataset/casting_512x512/casting_512x512/def_front/cast_def_0_6193.jpeg,def_front,1,"(512, 512)",RGB,134.5323486328125,c278081be2a521470bea2e0bbb75b115
/content/casting_dataset/casting_512x512/casting_512x512/def_front/cast_def_0_717.jpeg,def_front,1,"(512, 512)",RGB,133.86671829223633,2e54a201fe8d4d51bc9f0fb4c65c1d6b
/content/casting_dataset/casting_512x512/casting_512x512/def_front/cast_def_0_6641.jpeg,def_front,1,"(512, 512)",RGB,145.04579544067383,71f903dd605ff2829d2efa5b8ecfed25
/content/casting_dataset/casting_512x512/casting_512x512/def_front/cast_def_0_8348.jpeg,def_front,1,"(512, 512)",RGB,139.92852783203125,9a11eaf0b0eab9aca54c3518746cf0fc
/content/casting_dataset/casting_512x512/casting_512x512/ok_front/cast_ok_0_5681.jpeg,ok_front,0,"(512, 512)",RGB,141.41097259521484,9f675b810b3aea83b850ab222aaacd13
/content/casting_dataset/casting_512x512/casting_512x512/ok_front/cast_ok_0_2315.jpeg,ok_front,0,"(512, 512)",RGB,146.94214630126953,1bcd521905567164440361f1ac1ddc6d
/content/casting_dataset/casting_512x512/casting_512x512/ok_front/cast_ok_0_8723.jpeg,ok_front,0,"(512, 512)",RGB,144.45906829833984,3e61e23acb8eba739fc2bf6efde5ec04
/content/casting_dataset/casting_512x512/casting_512x512/def_front/cast_def_0_5971.jpeg,def_front,1,"(512, 512)",RGB,136.98745727539062,4f9862308f312cfdbf7ce352bfb7251f
/content/casting_dataset/casting_512x512/casting_512x512/def_front/cast_def_0_1547.jpeg,def_front,1,"(512, 512)",RGB,131.81288528442383,ad8f62009300110184afc88723fa3ae5
/content/casting_dataset/casting_512x512/casting_512x512/ok_front/cast_ok_0_1933.jpeg,ok_front,0,"(512, 512)",RGB,137.7191619873047,df61bde7c017c0b01dba6d5f7e494201
/content/casting_dataset/casting_512x512/casting_512x512/ok_front/cast_ok_0_5150.jpeg,ok_front,0,"(512, 512)",RGB,157.95454025268555,499d5b9a35f5ac40882e29462ff2780f
/content/casting_dataset/casting_512x512/casting_512x512/def_front/cast_def_0_9750.jpeg,def_front,1,"(512, 512)",RGB,130.87480545043945,8f91647c7d2536d628fe75151246b61d
/content/casting_dataset/casting_512x512/casting_512x512/def_front/cast_def_0_6687.jpeg,def_front,1,"(512, 512)",RGB,150.73101043701172,7382956765cbf5136d649c3208e6e8fc
/content/casting_dataset/casting_512x512/casting_512x512/def_front/cast_def_0_2299.jpeg,def_front,1,"(512, 512)",RGB,130.78726959228516,b6200c193bde98b3f3da19768e1378de
/content/casting_dataset/casting_512x512/casting_512x512/def_front/cast_def_0_318.jpeg,def_front,1,"(512, 512)",RGB,135.75486373901367,3069233e7136a15c0ca51c5b8168595a
/content/casting_dataset/casting_512x512/casting_512x512/def_front/cast_def_0_3344.jpeg,def_front,1,"(512, 512)",RGB,135.84228897094727,633fc94e800450041cf468872f404d43
/content/casting_dataset/casting_512x512/casting_512x512/ok_front/cast_ok_0_2989.jpeg,ok_front,0,"(512, 512)",RGB,164.55696487426758,49823a66910f242e708b27b609b59c2e
/content/casting_dataset/casting_512x512/casting_512x512/def_front/cast_def_0_8451.jpeg,def_front,1,"(512, 512)",RGB,131.7000617980957,a8c0319c2169fb55cb5c504719e47ad1
/content/casting_dataset/casting_512x512/casting_512x512/ok_front/cast_ok_0_4201.jpeg,ok_front,0,"(512, 512)",RGB,153.66728591918945,0b74eb560378c54fdaba50c4781df055
/content/casting_dataset/casting_512x512/casting_512x512/def_front/cast_def_0_127.jpeg,def_front,1,"(512, 512)",RGB,134.68722915649414,535a138b50d7119263683491c6caee3f
/content/casting_dataset/casting_512x512/casting_512x512/def_front/cast_def_0_8149.jpeg,def_front,1,"(512, 512)",RGB,160.44505310058594,3b8314d769aee9a482669d472dbc2e67
/content/casting_dataset/casting_512x512/casting_512x512/def_front/cast_def_0_5867.jpeg,def_front,1,"(512, 512)",RGB,141.2904281616211,b5087678c00ad500b63b3c3a18944477
/content/casting_dataset/casting_512x512/casting_512x512/def_front/cast_def_0_8646.jpeg,def_front,1,"(512, 512)",RGB,139.01586532592773,78eda7989af4c05122ca9763ff73730c
/content/casting_dataset/casting_512x512/casting_512x512/def_front/cast_def_0_619.jpeg,def_front,1,"(512, 512)",RGB,128.52223205566406,50ece4b5ef3ea87e8b3df6acad954565
/content/casting_dataset/casting_512x512/casting_512x512/ok_front/cast_ok_0_6869.jpeg,ok_front,0,"(512, 512)",RGB,143.3790168762207,7ff87a2d9b1122aa39e43b3270e17793
/content/casting_dataset/casting_512x512/casting_512x512/ok_front/cast_ok_0_4020.jpeg,ok_front,0,"(512, 512)",RGB,146.20674896240234,077f39791f83eec08095629aa6481847
/content/casting_dataset/casting_512x512/casting_512x512/def_front/cast_def_0_4611.jpeg,def_front,1,"(512, 512)",RGB,128.19931030273438,47da3c57287dcee677b97f1167907540
/content/casting_dataset/casting_512x512/casting_512x512/def_front/cast_def_0_1772.jpeg,def_front,1,"(512, 512)",RGB,139.01279830932617,361e8e5abb91f8ced5e59880f58f1630
/content/casting_dataset/casting_512x512/casting_512x512/ok_front/cast_ok_0_199.jpeg,ok_front,0,"(512, 512)",RGB,139.39579391479492,990d1f85dcc5185d03593bda4bb64285
/content/casting_dataset/casting_512x512/casting_512x512/def_front/cast_def_0_4933.jpeg,def_front,1,"(512, 512)",RGB,134.6721305847168,eb24625d76b6f2b5f602e6139ff7506c
/content/casting_dataset/casting_512x512/casting_512x512/ok_front/cast_ok_0_3906.jpeg,ok_front,0,"(512, 512)",RGB,147.97682189941406,68a33ecfa485636c677cc14eaa970729
/content/casting_dataset/casting_512x512/casting_512x512/ok_front/cast_ok_0_9771.jpeg,ok_front,0,"(512, 512)",RGB,147.4146957397461,7d2b637e8541376640d1ac8f69a11e56
/content/casting_dataset/casting_512x512/casting_512x512/def_front/cast_def_0_6837.jpeg,def_front,1,"(512, 512)",RGB,146.33503341674805,ade77a31b838839a5d995809478c853d
/content/casting_dataset/casting_512x512/casting_512x512/ok_front/cast_ok_0_9112.jpeg,ok_front,0,"(512, 512)",RGB,142.0378532409668,dfe77d9703b4c0302efadc84961a3d98
/content/casting_dataset/casting_512x512/casting_512x512/def_front/cast_def_0_4903.jpeg,def_front,1,"(512, 512)",RGB,146.48661041259766,cde82b8854073c0dc1e4f82b40afc507
/content/casting_dataset/casting_512x512/casting_512x512/def_front/cast_def_0_2690.jpeg,def_front,1,"(512, 512)",RGB,149.0787811279297,e29d652a9510c9e7213a494750acc25f
/content/casting_dataset/casting_512x512/casting_512x512/def_front/cast_def_0_9780.jpeg,def_front,1,"(512, 512)",RGB,124.9232406616211,925210c99aff5e34dd1a79a09581d469
/content/casting_dataset/casting_512x512/casting_512x512/def_front/cast_def_0_6406.jpeg,def_front,1,"(512, 512)",RGB,149.0414810180664,ce1b9a72bf867f2eda46d49248673d54
/content/casting_dataset/casting_512x512/casting_512x512/def_front/cast_def_0_1145.jpeg,def_front,1,"(512, 512)",RGB,136.4142303466797,046f9da0e3efb7a32e713475620ce80f
/content/casting_dataset/casting_512x512/casting_512x512/ok_front/cast_ok_0_2288.jpeg,ok_front,0,"(512, 512)",RGB,144.80799865722656,72569bfa1fa580bdb5b6dffd8c865e29
/content/casting_dataset/casting_512x512/casting_512x512/def_front/cast_def_0_7844.jpeg,def_front,1,"(512, 512)",RGB,143.78654098510742,9d4f455580fadeeb98ddd641178f925d
/content/casting_dataset/casting_512x512/casting_512x512/def_front/cast_def_0_231.jpeg,def_front,1,"(512, 512)",RGB,134.22147750854492,0b77b900f98de63d5ad2c8150f4bb313
/content/casting_dataset/casting_512x512/casting_512x512/def_front/cast_def_0_8817.jpeg,def_front,1,"(512, 512)",RGB,135.5311279296875,dd40d076d24ef97ab2f396ef710a8746
/content/casting_dataset/casting_512x512/casting_512x512/def_front/cast_def_0_102.jpeg,def_front,1,"(512, 512)",RGB,142.42048263549805,422ab17a655f281232f624f06641e41e
/content/casting_dataset/casting_512x512/casting_512x512/def_front/cast_def_0_7126.jpeg,def_front,1,"(512, 512)",RGB,136.26885604858398,36f43f27c3d12c79b00940f2c574eca5
/content/casting_dataset/casting_512x512/casting_512x512/ok_front/cast_ok_0_211.jpeg,ok_front,0,"(512, 512)",RGB,149.89593505859375,73c75f5ca2695c40d01dfb89ae0a82eb
/content/casting_dataset/casting_512x512/casting_512x512/def_front/cast_def_0_4816.jpeg,def_front,1,"(512, 512)",RGB,128.5771141052246,d4ac8d2dedd832721414a99809ac77d1
/content/casting_dataset/casting_512x512/casting_512x512/def_front/cast_def_0_5218.jpeg,def_front,1,"(512, 512)",RGB,133.00745010375977,be7b48e19b6912789ff0e9c34b8dc97f
/content/casting_dataset/casting_512x512/casting_512x512/ok_front/cast_ok_0_9224.jpeg,ok_front,0,"(512, 512)",RGB,145.54169464111328,2e0e0197a24d3f33dda8b4e6c7bba6a6
/content/casting_dataset/casting_512x512/casting_512x512/def_front/cast_def_0_1750.jpeg,def_front,1,"(512, 512)",RGB,134.07993698120117,5eafbfabea5ea948265ceb4ef3ff50c6
/content/casting_dataset/casting_512x512/casting_512x512/ok_front/cast_ok_0_7206.jpeg,ok_front,0,"(512, 512)",RGB,137.10907745361328,995f947cbbd409a6525276df7409f63e
/content/casting_dataset/casting_512x512/casting_512x512/ok_front/cast_ok_0_7815.jpeg,ok_front,0,"(512, 512)",RGB,164.40549850463867,c092b83ce8b82d4a55dfbd24f67cb356
/content/casting_dataset/casting_512x512/casting_512x512/def_front/cast_def_0_4158.jpeg,def_front,1,"(512, 512)",RGB,149.3286018371582,d283372e48af783f37e800b5202b3702
/content/casting_dataset/casting_512x512/casting_512x512/def_front/cast_def_0_7793.jpeg,def_front,1,"(512, 512)",RGB,136.19833374023438,83c8e2ea808228547652542630b72229
/content/casting_dataset/casting_512x512/casting_512x512/ok_front/cast_ok_0_904.jpeg,ok_front,0,"(512, 512)",RGB,153.8641700744629,5a334d9ba0652d881feca11f2ab87c72
/content/casting_dataset/casting_512x512/casting_512x512/ok_front/cast_ok_0_2722.jpeg,ok_front,0,"(512, 512)",RGB,145.12603378295898,10a8da67659e7188aa46e4bfcf6347e3
/content/casting_dataset/casting_512x512/casting_512x512/ok_front/cast_ok_0_9026.jpeg,ok_front,0,"(512, 512)",RGB,155.7776222229004,7da29ac2b6c7a074a75eaff284723fe7
/content/casting_dataset/casting_512x512/casting_512x512/def_front/cast_def_0_1533.jpeg,def_front,1,"(512, 512)",RGB,158.02347564697266,cbd3387121481fba9c5e98d9dbd2bd46
/content/casting_dataset/casting_512x512/casting_512x512/def_front/cast_def_0_4394.jpeg,def_front,1,"(512, 512)",RGB,135.06840896606445,4a06490e5c40d556f32654e01db2ce80
/content/casting_dataset/casting_512x512/casting_512x512/def_front/cast_def_0_7908.jpeg,def_front,1,"(512, 512)",RGB,131.59622192382812,ba04cb596683da5e54bc7e372d8bdf3f
/content/casting_dataset/casting_512x512/casting_512x512/def_front/cast_def_0_2639.jpeg,def_front,1,"(512, 512)",RGB,134.4106101989746,147891b5204aa18eecc8eadf92eac72b
/content/casting_dataset/casting_512x512/casting_512x512/def_front/cast_def_0_2820.jpeg,def_front,1,"(512, 512)",RGB,134.74429321289062,22d85b5defaa7528c55505396341aab2
/content/casting_dataset/casting_512x512/casting_512x512/ok_front/cast_ok_0_8616.jpeg,ok_front,0,"(512, 512)",RGB,166.21686172485352,90a54e61c26df6efb1e2386457e796cb
/content/casting_dataset/casting_512x512/casting_512x512/def_front/cast_def_0_808.jpeg,def_front,1,"(512, 512)",RGB,135.2643928527832,3700107b8d9d2b26c01bcafd1ba4ac54
/content/casting_dataset/casting_512x512/casting_512x512/def_front/cast_def_0_3114.jpeg,def_front,1,"(512, 512)",RGB,129.89162826538086,105cb4d5f5e65ee06300d39fd4444051
/content/casting_dataset/casting_512x512/casting_512x512/ok_front/cast_ok_0_2379.jpeg,ok_front,0,"(512, 512)",RGB,149.33139038085938,074d9c1b01fe135ca92879130c8c60c8
/content/casting_dataset/casting_512x512/casting_512x512/def_front/cast_def_0_8899.jpeg,def_front,1,"(512, 512)",RGB,134.61184310913086,07195ecbbc9bf1312177923dc5eacea4
/content/casting_dataset/casting_512x512/casting_512x512/def_front/cast_def_0_8639.jpeg,def_front,1,"(512, 512)",RGB,133.91498184204102,eef9a9f4828678fd8d1b25e99e482ff1
/content/casting_dataset/casting_512x512/casting_512x512/def_front/cast_def_0_3513.jpeg,def_front,1,"(512, 512)",RGB,132.22549057006836,2a0f632ceed9a3e4b82d61cc1f27223f
/content/casting_dataset/casting_512x512/casting_512x512/def_front/cast_def_0_7080.jpeg,def_front,1,"(512, 512)",RGB,138.2712173461914,55e0c3ca1e9490d9d4091becc5556a18
/content/casting_dataset/casting_512x512/casting_512x512/ok_front/cast_ok_0_9850.jpeg,ok_front,0,"(512, 512)",RGB,149.63293838500977,ba329dd877ed7a389dfa878163e9e529
/content/casting_dataset/casting_512x512/casting_512x512/def_front/cast_def_0_7601.jpeg,def_front,1,"(512, 512)",RGB,138.2500762939453,2030bd35a53c29781466aa197e856d05
/content/casting_dataset/casting_512x512/casting_512x512/ok_front/cast_ok_0_3386.jpeg,ok_front,0,"(512, 512)",RGB,157.264892578125,a239fdd8a66091e80e60603027b73c16
/content/casting_dataset/casting_512x512/casting_512x512/ok_front/cast_ok_0_2482.jpeg,ok_front,0,"(512, 512)",RGB,133.320556640625,492bbfa70c49e7acc482f716eec8d25a
/content/casting_dataset/casting_512x512/casting_512x512/def_front/cast_def_0_1969.jpeg,def_front,1,"(512, 512)",RGB,141.25423049926758,bf2941fa4796e089fe21236c77c26a57
/content/casting_dataset/casting_512x512/casting_512x512/ok_front/cast_ok_0_7741.jpeg,ok_front,0,"(512, 512)",RGB,165.7110595703125,871303160011c9c88f8e3ef7771e954d
/content/casting_dataset/casting_512x512/casting_512x512/ok_front/cast_ok_0_8974.jpeg,ok_front,0,"(512, 512)",RGB,161.89110565185547,eaa64b8b7adf8525c802462da30ee41c
/content/casting_dataset/casting_512x512/casting_512x512/def_front/cast_def_0_6836.jpeg,def_front,1,"(512, 512)",RGB,140.3376922607422,52d40190744c383245352e5353aabbe8
/content/casting_dataset/casting_512x512/casting_512x512/def_front/cast_def_0_5034.jpeg,def_front,1,"(512, 512)",RGB,128.11622619628906,a273f8b8c783017f3f42b7046328118a
/content/casting_dataset/casting_512x512/casting_512x512/ok_front/cast_ok_0_5085.jpeg,ok_front,0,"(512, 512)",RGB,153.2497444152832,189afa602af009174917c03cccc911be
/content/casting_dataset/casting_512x512/casting_512x512/def_front/cast_def_0_7554.jpeg,def_front,1,"(512, 512)",RGB,133.96991729736328,07004e098d9e9cdf8f59f8d40573b9da
/content/casting_dataset/casting_512x512/casting_512x512/ok_front/cast_ok_0_1589.jpeg,ok_front,0,"(512, 512)",RGB,140.15654754638672,87462a1b9664fbcf7751e1677869ff6c
/content/casting_dataset/casting_512x512/casting_512x512/def_front/cast_def_0_7599.jpeg,def_front,1,"(512, 512)",RGB,138.66839981079102,893ed1cc7faba1601be8645a08fd55e2
/content/casting_dataset/casting_512x512/casting_512x512/ok_front/cast_ok_0_3449.jpeg,ok_front,0,"(512, 512)",RGB,138.21352005004883,c8e3846d85054e24db80e532db2b2a2c
/content/casting_dataset/casting_512x512/casting_512x512/def_front/cast_def_0_9038.jpeg,def_front,1,"(512, 512)",RGB,141.37941360473633,3efe162a3dd2f3b5f07da735140fbe6b
/content/casting_dataset/casting_512x512/casting_512x512/ok_front/cast_ok_0_5852.jpeg,ok_front,0,"(512, 512)",RGB,147.55896759033203,ef5dcc8d696ab15b591f1163b64241ad
/content/casting_dataset/casting_512x512/casting_512x512/def_front/cast_def_0_8486.jpeg,def_front,1,"(512, 512)",RGB,135.2247200012207,83c8dc4f3b9f0a4d90cab9bd19294f54
/content/casting_dataset/casting_512x512/casting_512x512/def_front/cast_def_0_2060.jpeg,def_front,1,"(512, 512)",RGB,127.32372665405273,49f69f57141d9d3ee21791e38d5c4a98
/content/casting_dataset/casting_512x512/casting_512x512/ok_front/cast_ok_0_3250.jpeg,ok_front,0,"(512, 512)",RGB,143.1844940185547,681761d355fe742de42540c6315bec8d
/content/casting_dataset/casting_512x512/casting_512x512/ok_front/cast_ok_0_277.jpeg,ok_front,0,"(512, 512)",RGB,153.7077865600586,8c0037389d09ea468bb6a8a7dc23d903
/content/casting_dataset/casting_512x512/casting_512x512/ok_front/cast_ok_0_7157.jpeg,ok_front,0,"(512, 512)",RGB,151.45697784423828,3c7aa0751268f0d00722a732759d730c
/content/casting_dataset/casting_512x512/casting_512x512/def_front/cast_def_0_8112.jpeg,def_front,1,"(512, 512)",RGB,129.0172004699707,bfdf36f0db7798956dd2426aedb88c44
/content/casting_dataset/casting_512x512/casting_512x512/ok_front/cast_ok_0_9741.jpeg,ok_front,0,"(512, 512)",RGB,146.31279373168945,c9df1d2aa1428adbf64f09cbccbe83f0
/content/casting_dataset/casting_512x512/casting_512x512/ok_front/cast_ok_0_7171.jpeg,ok_front,0,"(512, 512)",RGB,153.1923713684082,45a8672b4868815e36e56a8778d6f6dd
/content/casting_dataset/casting_512x512/casting_512x512/ok_front/cast_ok_0_9966.jpeg,ok_front,0,"(512, 512)",RGB,138.68645858764648,634cd8312f0eb94d299fa7b8a48e7d04
/content/casting_dataset/casting_512x512/casting_512x512/def_front/cast_def_0_7520.jpeg,def_front,1,"(512, 512)",RGB,138.42501068115234,8a66d77d8ed2812e4c435a8b28418f21
/content/casting_dataset/casting_512x512/casting_512x512/def_front/cast_def_0_3403.jpeg,def_front,1,"(512, 512)",RGB,138.7002296447754,a6ab4907bd8f2982baaef1d6c09c462d
/content/casting_dataset/casting_512x512/casting_512x512/ok_front/cast_ok_0_766.jpeg,ok_front,0,"(512, 512)",RGB,144.28993225097656,36f3afd8fd9f7684f276ad54fb5af743
/content/casting_dataset/casting_512x512/casting_512x512/ok_front/cast_ok_0_2770.jpeg,ok_front,0,"(512, 512)",RGB,155.3972511291504,4edef8c311b975bf29f7ab7673c881e2
/content/casting_dataset/casting_512x512/casting_512x512/def_front/cast_def_0_3916.jpeg,def_front,1,"(512, 512)",RGB,132.84198379516602,2baf7a6d2063abaf15acb31d762ee02f
/content/casting_dataset/casting_512x512/casting_512x512/def_front/cast_def_0_2798.jpeg,def_front,1,"(512, 512)",RGB,154.33346557617188,9cf5162f0dfd6abd5a2e2b938f7a8be0
/content/casting_dataset/casting_512x512/casting_512x512/def_front/cast_def_0_6538.jpeg,def_front,1,"(512, 512)",RGB,130.4877471923828,6ed80de585b8abff98a93f9bbf2104d1
/content/casting_dataset/casting_512x512/casting_512x512/def_front/cast_def_0_1715.jpeg,def_front,1,"(512, 512)",RGB,142.96734619140625,9b7dd6b7a5af6d468993d4298639432d
/content/casting_dataset/casting_512x512/casting_512x512/ok_front/cast_ok_0_2456.jpeg,ok_front,0,"(512, 512)",RGB,153.40094375610352,3797ea8d3c38c702f79bae19617985cc
/content/casting_dataset/casting_512x512/casting_512x512/def_front/cast_def_0_4577.jpeg,def_front,1,"(512, 512)",RGB,134.62158203125,d3e47c1ec0935777eaf70273e1754eba
/content/casting_dataset/casting_512x512/casting_512x512/def_front/cast_def_0_9643.jpeg,def_front,1,"(512, 512)",RGB,133.75666427612305,3f5b16c369831d7b657b8ed3e36ec5be
/content/casting_dataset/casting_512x512/casting_512x512/ok_front/cast_ok_0_9277.jpeg,ok_front,0,"(512, 512)",RGB,140.36584091186523,f3aa42ee5e5ab8f50013280b7538e16a
/content/casting_dataset/casting_512x512/casting_512x512/def_front/cast_def_0_5302.jpeg,def_front,1,"(512, 512)",RGB,143.83573532104492,2c312f5fad9f61dfe1368b5a96cd179c
/content/casting_dataset/casting_512x512/casting_512x512/def_front/cast_def_0_2592.jpeg,def_front,1,"(512, 512)",RGB,130.32343673706055,247f5db58b4fed9dd26dfdfdb7be55bd
/content/casting_dataset/casting_512x512/casting_512x512/def_front/cast_def_0_2700.jpeg,def_front,1,"(512, 512)",RGB,126.81675720214844,08d0c431af505ffb7502bff288801a70
/content/casting_dataset/casting_512x512/casting_512x512/def_front/cast_def_0_1087.jpeg,def_front,1,"(512, 512)",RGB,136.40723419189453,8ee900b451805d85f8520684d95c3fe3
/content/casting_dataset/casting_512x512/casting_512x512/def_front/cast_def_0_4708.jpeg,def_front,1,"(512, 512)",RGB,135.24721145629883,f4aeff9785ccfa2572740a049e1a6fed
/content/casting_dataset/casting_512x512/casting_512x512/ok_front/cast_ok_0_5548.jpeg,ok_front,0,"(512, 512)",RGB,151.62718963623047,301bb02e43609d07f24b8e7b7cc0e579
/content/casting_dataset/casting_512x512/casting_512x512/def_front/cast_def_0_6959.jpeg,def_front,1,"(512, 512)",RGB,145.4225196838379,0b7946119677518cfe2b1ddfb758d4b9
/content/casting_dataset/casting_512x512/casting_512x512/def_front/cast_def_0_4995.jpeg,def_front,1,"(512, 512)",RGB,157.09587478637695,93c692f01826e5e7b4bc80148b24027d
/content/casting_dataset/casting_512x512/casting_512x512/ok_front/cast_ok_0_8079.jpeg,ok_front,0,"(512, 512)",RGB,152.3563117980957,8ef9da67e766dd24a7278dbc4730aaa6
/content/casting_dataset/casting_512x512/casting_512x512/def_front/cast_def_0_3691.jpeg,def_front,1,"(512, 512)",RGB,155.36867904663086,4184652f624b849a284dfe821e1989c0
/content/casting_dataset/casting_512x512/casting_512x512/def_front/cast_def_0_93.jpeg,def_front,1,"(512, 512)",RGB,144.30583572387695,b58b4e2ecc9b21d4c89b000565bf3ff2
/content/casting_dataset/casting_512x512/casting_512x512/def_front/cast_def_0_2284.jpeg,def_front,1,"(512, 512)",RGB,127.17368698120117,d6bdba5a535e69db4b9f96af731d3cb6
/content/casting_dataset/casting_512x512/casting_512x512/ok_front/cast_ok_0_431.jpeg,ok_front,0,"(512, 512)",RGB,140.81362533569336,9b58fa6490e13a350ab8810041a4a173
/content/casting_dataset/casting_512x512/casting_512x512/ok_front/cast_ok_0_6802.jpeg,ok_front,0,"(512, 512)",RGB,142.71945571899414,a23445353fb1aabb3e2f203c18b71b94
/content/casting_dataset/casting_512x512/casting_512x512/ok_front/cast_ok_0_2781.jpeg,ok_front,0,"(512, 512)",RGB,155.4767837524414,5b894fe767dfea4e37de7080855d6bd3
/content/casting_dataset/casting_512x512/casting_512x512/def_front/cast_def_0_1885.jpeg,def_front,1,"(512, 512)",RGB,138.73654174804688,8a36d3b95655df4bbcf4d494db3e2d37
/content/casting_dataset/casting_512x512/casting_512x512/def_front/cast_def_0_9547.jpeg,def_front,1,"(512, 512)",RGB,131.9613914489746,0811c166e42c100cb6c9d6636a89c7ea
/content/casting_dataset/casting_512x512/casting_512x512/def_front/cast_def_0_514.jpeg,def_front,1,"(512, 512)",RGB,158.96076202392578,7a466532e6622587aed9144dcd4dcb60
/content/casting_dataset/casting_512x512/casting_512x512/def_front/cast_def_0_3945.jpeg,def_front,1,"(512, 512)",RGB,143.63166046142578,8a1a3896b5c0479b1ad4f0ad9f60c570
/content/casting_dataset/casting_512x512/casting_512x512/ok_front/cast_ok_0_7111.jpeg,ok_front,0,"(512, 512)",RGB,160.04644393920898,f90bfd4e57c95d0809e2770c6eb7e5ca
/content/casting_dataset/casting_512x512/casting_512x512/ok_front/cast_ok_0_9818.jpeg,ok_front,0,"(512, 512)",RGB,159.77339935302734,827a9762cda427f32e02262f2fbafb92
/content/casting_dataset/casting_512x512/casting_512x512/ok_front/cast_ok_0_4038.jpeg,ok_front,0,"(512, 512)",RGB,139.79428100585938,416d087d93bace16472b90fa72c336b4
/content/casting_dataset/casting_512x512/casting_512x512/ok_front/cast_ok_0_2208.jpeg,ok_front,0,"(512, 512)",RGB,165.65918731689453,4fb107a36d29dd5ce101960a881eec5c
/content/casting_dataset/casting_512x512/casting_512x512/def_front/cast_def_0_2808.jpeg,def_front,1,"(512, 512)",RGB,133.17584228515625,6d074db5fa704859c1c5dbf630a74f97
/content/casting_dataset/casting_512x512/casting_512x512/def_front/cast_def_0_337.jpeg,def_front,1,"(512, 512)",RGB,131.0699806213379,ba8a4ee23975cc5a7ecb7841e9baf996
/content/casting_dataset/casting_512x512/casting_512x512/ok_front/cast_ok_0_6847.jpeg,ok_front,0,"(512, 512)",RGB,156.14568328857422,d10570aafbf4164b99ebda288aaaea6a
/content/casting_dataset/casting_512x512/casting_512x512/ok_front/cast_ok_0_7693.jpeg,ok_front,0,"(512, 512)",RGB,135.7081527709961,5c3bd3a1b45b55675d04d7857c5965be
/content/casting_dataset/casting_512x512/casting_512x512/def_front/cast_def_0_4568.jpeg,def_front,1,"(512, 512)",RGB,128.56028747558594,4715a890707e6149f4dcdca0b54e0c50
/content/casting_dataset/casting_512x512/casting_512x512/def_front/cast_def_0_9619.jpeg,def_front,1,"(512, 512)",RGB,122.49429702758789,35a99501929a00273df95c75d43fb1a5
/content/casting_dataset/casting_512x512/casting_512x512/ok_front/cast_ok_0_7014.jpeg,ok_front,0,"(512, 512)",RGB,146.56892776489258,44d3fdd0adfbefed6dad4e9adca78736
/content/casting_dataset/casting_512x512/casting_512x512/ok_front/cast_ok_0_7072.jpeg,ok_front,0,"(512, 512)",RGB,152.66947174072266,d5282f724cb8073539a06fc4454f7991
/content/casting_dataset/casting_512x512/casting_512x512/def_front/cast_def_0_1609.jpeg,def_front,1,"(512, 512)",RGB,152.05710220336914,cc79061840380859046f8e2e406a2311
/content/casting_dataset/casting_512x512/casting_512x512/ok_front/cast_ok_0_3138.jpeg,ok_front,0,"(512, 512)",RGB,141.42916107177734,da77ff7c4ca735eac193058f099eb4a3
/content/casting_dataset/casting_512x512/casting_512x512/def_front/cast_def_0_6062.jpeg,def_front,1,"(512, 512)",RGB,138.80368041992188,eb03b483ae745b743fa1a315369fc7d3
/content/casting_dataset/casting_512x512/casting_512x512/def_front/cast_def_0_7172.jpeg,def_front,1,"(512, 512)",RGB,136.70043182373047,d9a0a88a3a2ba488ba9237c8c57876c5
/content/casting_dataset/casting_512x512/casting_512x512/def_front/cast_def_0_880.jpeg,def_front,1,"(512, 512)",RGB,138.84075546264648,44ec825a096d13b72ebd001e4f1d9f2b
/content/casting_dataset/casting_512x512/casting_512x512/ok_front/cast_ok_0_6890.jpeg,ok_front,0,"(512, 512)",RGB,130.3677101135254,ed5fe15736214b43d2340921ea0c1e68
/content/casting_dataset/casting_512x512/casting_512x512/def_front/cast_def_0_1286.jpeg,def_front,1,"(512, 512)",RGB,133.6803321838379,be2f6583d63d18636bf1fa1f3ec2dd0c
/content/casting_dataset/casting_512x512/casting_512x512/def_front/cast_def_0_1123.jpeg,def_front,1,"(512, 512)",RGB,125.53474044799805,31389f256e8ee2734ceef494e780d66d
/content/casting_dataset/casting_512x512/casting_512x512/def_front/cast_def_0_3855.jpeg,def_front,1,"(512, 512)",RGB,151.89801788330078,1101c6e43f6bb8077bad2783483829bd
/content/casting_dataset/casting_512x512/casting_512x512/ok_front/cast_ok_0_8978.jpeg,ok_front,0,"(512, 512)",RGB,143.31025314331055,33271fa6c4301823fe100f9605e7e86d
/content/casting_dataset/casting_512x512/casting_512x512/def_front/cast_def_0_9507.jpeg,def_front,1,"(512, 512)",RGB,141.5995101928711,de224d2f05f26c51d486ee56057658b8
/content/casting_dataset/casting_512x512/casting_512x512/ok_front/cast_ok_0_2997.jpeg,ok_front,0,"(512, 512)",RGB,127.87081146240234,19a93c33317cabcf5470ee98dc8a0cb4
/content/casting_dataset/casting_512x512/casting_512x512/def_front/cast_def_0_588.jpeg,def_front,1,"(512, 512)",RGB,136.6378059387207,0811d6da2534075981f58a03a5d74665
/content/casting_dataset/casting_512x512/casting_512x512/def_front/cast_def_0_3812.jpeg,def_front,1,"(512, 512)",RGB,142.19342803955078,6685d26d14acd4840d42fe58fd412741
/content/casting_dataset/casting_512x512/casting_512x512/def_front/cast_def_0_624.jpeg,def_front,1,"(512, 512)",RGB,141.47942733764648,cae43b57f5f3fab1aebb342adf6c6f4c
/content/casting_dataset/casting_512x512/casting_512x512/def_front/cast_def_0_3646.jpeg,def_front,1,"(512, 512)",RGB,140.5478172302246,c3efd3d7adb9fb19be7a06f2946aa622
/content/casting_dataset/casting_512x512/casting_512x512/def_front/cast_def_0_4453.jpeg,def_front,1,"(512, 512)",RGB,148.54811096191406,6428670b83488bb9916bbd66f6bc100f
/content/casting_dataset/casting_512x512/casting_512x512/def_front/cast_def_0_5244.jpeg,def_front,1,"(512, 512)",RGB,134.26794052124023,8209288bb5435b41d50c967f15adc961
/content/casting_dataset/casting_512x512/casting_512x512/def_front/cast_def_0_2663.jpeg,def_front,1,"(512, 512)",RGB,159.1086540222168,d84994c3ceec77b68af94a0fb25e81dc
/content/casting_dataset/casting_512x512/casting_512x512/def_front/cast_def_0_8687.jpeg,def_front,1,"(512, 512)",RGB,135.54534149169922,173ce2da2fc27c594ac5c5b6624d61d2
/content/casting_dataset/casting_512x512/casting_512x512/def_front/cast_def_0_3796.jpeg,def_front,1,"(512, 512)",RGB,135.7910919189453,25a9b3b55b3ea1a94685326dfcae704c
/content/casting_dataset/casting_512x512/casting_512x512/def_front/cast_def_0_9623.jpeg,def_front,1,"(512, 512)",RGB,137.33072662353516,8fa72195c7992619da1e749226c9d6f7
/content/casting_dataset/casting_512x512/casting_512x512/ok_front/cast_ok_0_4579.jpeg,ok_front,0,"(512, 512)",RGB,141.24253845214844,dad1bde984c6afb168f18129a4c144c0
/content/casting_dataset/casting_512x512/casting_512x512/def_front/cast_def_0_9276.jpeg,def_front,1,"(512, 512)",RGB,133.80689239501953,2395400b0b7ebc165aee82ab6891bbb0
/content/casting_dataset/casting_512x512/casting_512x512/ok_front/cast_ok_0_2235.jpeg,ok_front,0,"(512, 512)",RGB,146.50152206420898,bedbc30501f9cd9db24ae0e60fc3f40d
/content/casting_dataset/casting_512x512/casting_512x512/def_front/cast_def_0_2733.jpeg,def_front,1,"(512, 512)",RGB,140.33618545532227,ebc80c678c1dcb31195d5986d694cc14
/content/casting_dataset/casting_512x512/casting_512x512/def_front/cast_def_0_7455.jpeg,def_front,1,"(512, 512)",RGB,153.96878814697266,ad78231440d7f34d8ea42edef9022985
/content/casting_dataset/casting_512x512/casting_512x512/ok_front/cast_ok_0_8460.jpeg,ok_front,0,"(512, 512)",RGB,142.97816848754883,a44f4e7bc5c5c24095138e6a2f191637
/content/casting_dataset/casting_512x512/casting_512x512/def_front/cast_def_0_9687.jpeg,def_front,1,"(512, 512)",RGB,144.83916091918945,be75a08f7287722885bafa343098b11f
/content/casting_dataset/casting_512x512/casting_512x512/ok_front/cast_ok_0_9202.jpeg,ok_front,0,"(512, 512)",RGB,154.40394973754883,4f8dc615077f5a5f131f20461093e768
/content/casting_dataset/casting_512x512/casting_512x512/ok_front/cast_ok_0_305.jpeg,ok_front,0,"(512, 512)",RGB,150.15680313110352,d8a000b0c427d10190a574a534f59d22
/content/casting_dataset/casting_512x512/casting_512x512/def_front/cast_def_0_7736.jpeg,def_front,1,"(512, 512)",RGB,139.96029663085938,34ccb17cd0424bf0f8acfd2626daa9f9
/content/casting_dataset/casting_512x512/casting_512x512/def_front/cast_def_0_6673.jpeg,def_front,1,"(512, 512)",RGB,132.98920440673828,9bff02295bdc05088001b448df7179b9
/content/casting_dataset/casting_512x512/casting_512x512/def_front/cast_def_0_2649.jpeg,def_front,1,"(512, 512)",RGB,137.65548706054688,d9aef1e17cf811755776c04882a7b4ee
/content/casting_dataset/casting_512x512/casting_512x512/def_front/cast_def_0_6860.jpeg,def_front,1,"(512, 512)",RGB,144.74824142456055,fcf6b6733ec030dd8d63743690e60302
/content/casting_dataset/casting_512x512/casting_512x512/ok_front/cast_ok_0_2544.jpeg,ok_front,0,"(512, 512)",RGB,159.71975326538086,9b08b24b35324f765862c6a7a54f1a25
/content/casting_dataset/casting_512x512/casting_512x512/def_front/cast_def_0_5322.jpeg,def_front,1,"(512, 512)",RGB,131.94334030151367,5804c9847ceb030b1124afa3ed1282e7
/content/casting_dataset/casting_512x512/casting_512x512/ok_front/cast_ok_0_1083.jpeg,ok_front,0,"(512, 512)",RGB,138.83771514892578,e645699ea43ad683755fba861da8369e
/content/casting_dataset/casting_512x512/casting_512x512/ok_front/cast_ok_0_2818.jpeg,ok_front,0,"(512, 512)",RGB,166.30005264282227,147580208e6b8916ae37222eae89ce05
/content/casting_dataset/casting_512x512/casting_512x512/ok_front/cast_ok_0_1715.jpeg,ok_front,0,"(512, 512)",RGB,146.8001708984375,967025157445e9af164d04d8d4ef0cde
/content/casting_dataset/casting_512x512/casting_512x512/ok_front/cast_ok_0_3049.jpeg,ok_front,0,"(512, 512)",RGB,158.7621078491211,c48118666328c6364466bc97c405ee1d
/content/casting_dataset/casting_512x512/casting_512x512/ok_front/cast_ok_0_8776.jpeg,ok_front,0,"(512, 512)",RGB,154.07941055297852,eea65ce1f86193f0c4d937a3adc0b6fe
/content/casting_dataset/casting_512x512/casting_512x512/def_front/cast_def_0_4583.jpeg,def_front,1,"(512, 512)",RGB,134.593017578125,fabbb4e0a29564bf386decfbb5648b35
/content/casting_dataset/casting_512x512/casting_512x512/def_front/cast_def_0_9580.jpeg,def_front,1,"(512, 512)",RGB,153.0564422607422,94453ab966351168f8f9d136c1f52841
/content/casting_dataset/casting_512x512/casting_512x512/ok_front/cast_ok_0_9516.jpeg,ok_front,0,"(512, 512)",RGB,160.80615234375,512886ccd644aa98417ad0715b19c19b
/content/casting_dataset/casting_512x512/casting_512x512/def_front/cast_def_0_8227.jpeg,def_front,1,"(512, 512)",RGB,140.88690185546875,f02404c689308d42b518493b8c60223a
/content/casting_dataset/casting_512x512/casting_512x512/ok_front/cast_ok_0_4247.jpeg,ok_front,0,"(512, 512)",RGB,151.23443603515625,4cd735f74997127541a0528329713132
/content/casting_dataset/casting_512x512/casting_512x512/def_front/cast_def_0_2304.jpeg,def_front,1,"(512, 512)",RGB,155.35501098632812,88027993b7a49b42bcc7f1acef082e13
/content/casting_dataset/casting_512x512/casting_512x512/def_front/cast_def_0_8236.jpeg,def_front,1,"(512, 512)",RGB,135.92243194580078,3158f2a716e836bfcc1e553b5d0f886d
/content/casting_dataset/casting_512x512/casting_512x512/def_front/cast_def_0_6417.jpeg,def_front,1,"(512, 512)",RGB,135.02317428588867,ffc2581e05beb11f0544cd6e812de4b7
/content/casting_dataset/casting_512x512/casting_512x512/ok_front/cast_ok_0_6092.jpeg,ok_front,0,"(512, 512)",RGB,151.98324584960938,a7504882cc6507b376c9f733d698a2c9
/content/casting_dataset/casting_512x512/casting_512x512/ok_front/cast_ok_0_9536.jpeg,ok_front,0,"(512, 512)",RGB,128.27893447875977,69661604741c7366a2182ff6a56276f2
/content/casting_dataset/casting_512x512/casting_512x512/def_front/cast_def_0_5363.jpeg,def_front,1,"(512, 512)",RGB,133.0467300415039,c4301510b6c6e881be0ddd992978add3
/content/casting_dataset/casting_512x512/casting_512x512/def_front/cast_def_0_3104.jpeg,def_front,1,"(512, 512)",RGB,132.14686965942383,6e69ca834f6e6d71f9716c95afdfe854
/content/casting_dataset/casting_512x512/casting_512x512/ok_front/cast_ok_0_1234.jpeg,ok_front,0,"(512, 512)",RGB,144.37976837158203,25667d6c47fc940ea13c30a812ebcb3a
/content/casting_dataset/casting_512x512/casting_512x512/def_front/cast_def_0_4971.jpeg,def_front,1,"(512, 512)",RGB,145.48133850097656,18dd321a5e16ae1b8f147c1c60c66d04
/content/casting_dataset/casting_512x512/casting_512x512/ok_front/cast_ok_0_5604.jpeg,ok_front,0,"(512, 512)",RGB,163.61449813842773,914a49a9401dfbd7b9b34e07831c8860
/content/casting_dataset/casting_512x512/casting_512x512/ok_front/cast_ok_0_8388.jpeg,ok_front,0,"(512, 512)",RGB,140.6435317993164,dcd880063203acd7f34bbf61ec4b8266
/content/casting_dataset/casting_512x512/casting_512x512/def_front/cast_def_0_9068.jpeg,def_front,1,"(512, 512)",RGB,152.31882095336914,cbf113a35568d6747f2e377f1c516423
/content/casting_dataset/casting_512x512/casting_512x512/ok_front/cast_ok_0_645.jpeg,ok_front,0,"(512, 512)",RGB,147.15878677368164,e7ff2c487b151303321bd0fcf6ccbf45
/content/casting_dataset/casting_512x512/casting_512x512/ok_front/cast_ok_0_7117.jpeg,ok_front,0,"(512, 512)",RGB,151.20080947875977,8b8ce3e93523b2f6ae7a4515066ee0fa
/content/casting_dataset/casting_512x512/casting_512x512/ok_front/cast_ok_0_9658.jpeg,ok_front,0,"(512, 512)",RGB,148.68577194213867,c9149a65658e4e7316f49531ac65fd42
/content/casting_dataset/casting_512x512/casting_512x512/ok_front/cast_ok_0_5268.jpeg,ok_front,0,"(512, 512)",RGB,138.27903747558594,f9ae4f233221387d32ecef1f62061b06
/content/casting_dataset/casting_512x512/casting_512x512/def_front/cast_def_0_494.jpeg,def_front,1,"(512, 512)",RGB,130.6949005126953,81ee8e1d0e2d67bcabf96131f1c3ac07
/content/casting_dataset/casting_512x512/casting_512x512/def_front/cast_def_0_9873.jpeg,def_front,1,"(512, 512)",RGB,161.42414093017578,10f2902578842eabf4dde7ba48426d10
/content/casting_dataset/casting_512x512/casting_512x512/def_front/cast_def_0_702.jpeg,def_front,1,"(512, 512)",RGB,135.1638412475586,76c6a3b9561fc40aae854b592b5a52e4
/content/casting_dataset/casting_512x512/casting_512x512/ok_front/cast_ok_0_4087.jpeg,ok_front,0,"(512, 512)",RGB,155.51631927490234,0b83fa05d0f6c337a3c53cc642c78f7c
/content/casting_dataset/casting_512x512/casting_512x512/ok_front/cast_ok_0_563.jpeg,ok_front,0,"(512, 512)",RGB,143.6681137084961,2d2d4110803233cf61de3aeb7a0d6191
/content/casting_dataset/casting_512x512/casting_512x512/def_front/cast_def_0_5470.jpeg,def_front,1,"(512, 512)",RGB,134.1426887512207,73080ebd863d9d38eddefba3c950abdc
/content/casting_dataset/casting_512x512/casting_512x512/def_front/cast_def_0_2483.jpeg,def_front,1,"(512, 512)",RGB,149.23724746704102,0b9d282466376daf2478f669b7ab8cb3
/content/casting_dataset/casting_512x512/casting_512x512/def_front/cast_def_0_5863.jpeg,def_front,1,"(512, 512)",RGB,148.55295181274414,8169b8282542ced8e1203b64f2e25675
/content/casting_dataset/casting_512x512/casting_512x512/ok_front/cast_ok_0_5654.jpeg,ok_front,0,"(512, 512)",RGB,149.5575714111328,8ac657921007e8f9c03eb16ab0bdd23f
/content/casting_dataset/casting_512x512/casting_512x512/def_front/cast_def_0_1777.jpeg,def_front,1,"(512, 512)",RGB,134.13027572631836,02f586ab9afbfb778f64bcd19bef0b63
/content/casting_dataset/casting_512x512/casting_512x512/ok_front/cast_ok_0_5003.jpeg,ok_front,0,"(512, 512)",RGB,143.91175842285156,26bd5450330f0d818ea4e11b2226ab87
/content/casting_dataset/casting_512x512/casting_512x512/def_front/cast_def_0_7722.jpeg,def_front,1,"(512, 512)",RGB,136.44505310058594,e71cbadac99530c237f2a065d8965ef3
/content/casting_dataset/casting_512x512/casting_512x512/ok_front/cast_ok_0_1018.jpeg,ok_front,0,"(512, 512)",RGB,167.24032974243164,b20c4ce6f79e9b2dd718491dfc7560e2
/content/casting_dataset/casting_512x512/casting_512x512/def_front/cast_def_0_1446.jpeg,def_front,1,"(512, 512)",RGB,133.48230743408203,f641621e98692a240dcf369952dfe48d
/content/casting_dataset/casting_512x512/casting_512x512/def_front/cast_def_0_637.jpeg,def_front,1,"(512, 512)",RGB,135.3989601135254,8fbad9aa16c5d73a54c194e07ef28158
/content/casting_dataset/casting_512x512/casting_512x512/ok_front/cast_ok_0_5929.jpeg,ok_front,0,"(512, 512)",RGB,133.04494094848633,19c9b6034898a8757db95b5620683591
/content/casting_dataset/casting_512x512/casting_512x512/def_front/cast_def_0_8314.jpeg,def_front,1,"(512, 512)",RGB,126.91479110717773,47f30118404a87f9f57cd9cc763b6752
